station_id,total_rows,all_state_null_rows,excluded_primary_rows,retained_primary_rows,excluded_primary_pct,mean_utilisation_primary
1001,52128,10684,14484,37644,0.27785451197053407,0.3404393794496131
1002,52128,10680,18868,33260,0.36195518723143033,0.2769624993167017
1003,52128,13601,13601,38527,0.2609154389195826,0.07788044747838298
1004,52128,13417,30514,21614,0.5853667894413751,0.5454461333983976
1005,52128,51163,51590,538,0.9896792510742787,0.536160865157147
1006,52128,126,33419,18709,0.6410949969306323,0.2770270992570312
1007,52128,51966,52115,13,0.999750613873542,0.2
1008,52128,10684,13933,38195,0.2672843769183548,0.5314195099310991
1009,52128,1244,18541,33587,0.35568216697360344,0.30228544112635997
1010,52128,51981,52072,56,0.9989257213014119,0.32986111111111105
1011,52128,1240,18544,33584,0.35573971761817064,0.2769015465239474
1012,52128,51979,52044,84,0.9983885819521179,0.25109890109890115
1013,52128,2929,2929,49199,0.056188612645794965,0.05174393788490257
1014,52128,990,990,51138,0.01899171270718232,0.2610029071661942
1015,52128,990,990,51138,0.01899171270718232,0.1966264486944142
1016,52128,10679,14770,37358,0.283341006752609,0.2146808034302437
1017,52128,990,990,51138,0.01899171270718232,0.37875291694372615
1018,52128,13601,13601,38527,0.2609154389195826,0.18537216324493005
1019,52128,1551,1551,50577,0.029753683241252302,0.44081758050560305
1020,52128,51966,51966,162,0.9968922651933702,0.38936372269705605
1021,52128,2929,52128,0,1,NA
1022,52128,2928,52128,0,1,NA
1023,52128,13803,31181,20947,0.5981622160834869,0.23274812622332552
1024,52128,26494,38058,14070,0.7300874769797422,0.2587120787042196
1025,52128,24697,37069,15059,0.7111149478207489,0.2516047989020976
1026,52128,41096,46275,5853,0.8877186924493554,0.20089780261570186
1027,52128,2928,52128,0,1,NA
1028,52128,2930,52128,0,1,NA
1029,52128,1236,18558,33570,0.3560082872928177,0.2284231953132723
1030,52128,51953,52069,59,0.9988681706568447,0.28270317253368116
1031,52128,990,990,51138,0.01899171270718232,0.04533810473620879
1032,52128,991,991,51137,0.019010896255371394,0.17750747990691035
1033,52128,22073,22073,30055,0.42343845917740947,0.12890402682799754
1034,52128,52128,52128,0,1,NA
1035,52128,2929,52128,0,1,NA
1036,52128,52128,52128,0,1,NA
1037,52128,6,50304,1824,0.9650092081031307,0.29707934609250375
1038,52128,132,132,51996,0.0025322283609576428,0.22020948726824907
1039,52128,52128,52128,0,1,NA
1040,52128,10680,13529,38599,0.2595342234499693,0.6024689758801985
1041,52128,990,990,51138,0.01899171270718232,0.1440986481025114
1042,52128,2928,2928,49200,0.056169429097605895,0.42428861788620675
1043,52128,2929,2929,49199,0.056188612645794965,0.4590743714303755
1044,52128,990,52128,0,1,NA
1045,52128,14482,31862,20266,0.6112262124002455,0.8367339386164164
1046,52128,21704,35586,16542,0.6826657458563536,0.4009873856446294
1047,52128,7860,7860,44268,0.15078268876611417,0.22168609379235588
1048,52128,51979,51979,149,0.9971416513198281,0.24228187919463073
1049,52128,990,8276,43852,0.15876304481276857,0.6400192693605765
1050,52128,13998,31376,20752,0.601903007980356,0.5349219352351716
1051,52128,10807,10807,41321,0.20731660527931245,0.05731710268385669
1052,52128,11663,11663,40465,0.223737722529159,0.16428394909180774
1053,52128,24739,24739,27389,0.4745817986494782,0.04731218128932735
1054,52128,126,126,52002,0.0024171270718232043,0.14808244554695135
1055,52128,52128,52128,0,1,NA
1056,52128,13601,13601,38527,0.2609154389195826,0.41003062787136296
1057,52128,8159,26936,25192,0.5167280540208717,0.42756570713391484
1058,52128,992,992,51136,0.019030079803560467,0.05930834767417425
1059,52128,5255,8809,43319,0.1689878759975445,0.03890692515774963
1060,52128,990,990,51138,0.01899171270718232,0.11059002974644525
1061,52128,1901,19280,32848,0.3698588090853284,0.22644301022891944
1062,52128,13601,13601,38527,0.2609154389195826,0.09794862477397981
1063,52128,990,52128,0,1,NA
1064,52128,13600,13600,38528,0.2608962553713935,0.06824257682724712
1065,52128,990,990,51138,0.01899171270718232,0.044961672337596306
1066,52128,126,126,52002,0.0024171270718232043,0.16304949809628108
1067,52128,51966,51966,162,0.9968922651933702,0.2555555555555551
1068,52128,13600,47104,5024,0.903621853898097,0.8288216560510095
1069,52128,126,28646,23482,0.5495319214241866,0.266481747306192
1070,52128,51940,52082,46,0.9991175567833026,0.13971367974549306
1071,52128,13601,13601,38527,0.2609154389195826,0.09703296101148563
1072,52128,10681,52115,13,0.999750613873542,0
1073,52128,990,990,51138,0.01899171270718232,0.4449659092390681
1074,52128,11663,52128,0,1,NA
1075,52128,7824,25584,26544,0.49079189686924496,0.42893351081640096
1076,52128,14430,26963,25165,0.5172460098219767,0.2682288731109322
1077,52128,51970,52046,82,0.998426949048496,0.18379790940766558
1078,52128,21537,35424,16704,0.6795580110497238,0.33973419540230865
1079,52128,29563,29563,22565,0.5671232351135667,0.13155181328014062
1080,52128,13600,52128,0,1,NA
1081,52128,990,52128,0,1,NA
1082,52128,52128,52128,0,1,NA
1083,52128,7,7,52121,1.3428483732351137e-4,0.23979167357080136
1084,52128,990,52128,0,1,NA
1085,52128,11663,11663,40465,0.223737722529159,0.425791836566604
1086,52128,30061,30061,22067,0.576676642111725,0.19924925605353686
1087,52128,1820,19206,32922,0.368439226519337,0.2654152238624672
1088,52128,13602,13602,38526,0.26093462246777166,0.17947295333021857
1089,52128,13600,13600,38528,0.2608962553713935,0.09745726052049632
1090,52128,126,32588,19540,0.6251534683855126,0.45712498578414446
1091,52128,51966,52115,13,0.999750613873542,0.2222222222222223
1092,52128,30213,52102,26,0.999501227747084,0
1093,52128,126,32590,19538,0.6251918354818907,0.2350547650731876
1094,52128,51966,52115,13,0.999750613873542,0
1095,52128,13600,13600,38528,0.2608962553713935,0.06182949197120908
1096,52128,378,26411,25717,0.5066566912216084,0.1965320327298839
1097,52128,13600,13600,38528,0.2608962553713935,0.16222184731450975
1098,52128,127,127,52001,0.0024363106200122773,0.28464078119956043
1099,52128,51966,51966,162,0.9968922651933702,0.08057179987004544
1100,52128,5464,5464,46664,0.10481890730509515,0.17490463740786208
1101,52128,52128,52128,0,1,NA
1102,52128,990,990,51138,0.01899171270718232,0.0843208572881391
1103,52128,2928,11714,40414,0.22471608348680172,0.47940482671018303
1104,52128,2928,2928,49200,0.056169429097605895,0.46171747967478494
1105,52128,13601,13601,38527,0.2609154389195826,0.1750352566598446
1106,52128,21693,37019,15109,0.7101557704112953,0.2464663445628321
1107,52128,10,33099,19029,0.634956261510129,0.4272911386264623
1108,52128,36130,36130,15998,0.6931015960712094,0.22049631203900488
1109,52128,10,33299,18829,0.6387929711479435,0.545811085191846
1110,52128,374,26419,25709,0.506810159607121,0.2795532044549771
1111,52128,2928,2928,49200,0.056169429097605895,0.16066056910569107
1112,52128,10,32564,19564,0.6246930632289748,0.40636254973813246
1113,52128,52128,52128,0,1,NA
1114,52128,614,34604,17524,0.6638275015346838,0.17497907631437706
1115,52128,2928,52128,0,1,NA
1116,52128,2930,52128,0,1,NA
1117,52128,10,32562,19566,0.6246546961325967,0.22705399476325266
1118,52128,10,32575,19553,0.6249040822590546,0.4738993426151404
1119,52128,10,32562,19566,0.6246546961325967,0.5019336263586436
1120,52128,7,7,52121,1.3428483732351137e-4,0.48144062214209543
1121,52128,370,26431,25697,0.5070403621853898,0.32549895577942306
1122,52128,16136,16136,35992,0.30954573357888276,0.22149366525894643
1123,52128,2928,2928,49200,0.056169429097605895,0.21050813008127
1124,52128,2928,2928,49200,0.056169429097605895,0.37427506775068725
1125,52128,13600,15981,36147,0.30657228360957645,0.5202706233497294
1126,52128,10680,13516,38612,0.2592848373235114,0.5067115492972452
1127,52128,991,52128,0,1,NA
1128,52128,990,4522,47606,0.08674800491098833,0.5551558627063963
1129,52128,10685,13896,38232,0.26657458563535913,0.3399367424790848
1130,52128,13600,52128,0,1,NA
1131,52128,25296,45498,6630,0.8728130755064457,0.11935227082285611
1132,52128,35800,37289,14839,0.715335328422345,0.52896459030634
1133,52128,31065,44191,7937,0.8477401780233272,0.04868548150014651
1134,52128,13600,52128,0,1,NA
1135,52128,33712,45274,6854,0.8685159607120934,0.246372390375894
1136,52128,10680,43167,8961,0.8280962246777164,0.18638172822974267
1137,52128,13601,52128,0,1,NA
1138,52128,2928,2933,49195,0.05626534683855126,0.301433072466688
1139,52128,990,990,51138,0.01899171270718232,0.2992914597103464
1140,52128,13600,52128,0,1,NA
1141,52128,13606,52128,0,1,NA
1142,52128,13600,13600,38528,0.2608962553713935,0.19457061531008174
1143,52128,13600,52128,0,1,NA
1144,52128,10679,13611,38517,0.2611072744014733,0.4359233984593713
1145,52128,12946,34760,17368,0.6668201350521793,0.14152464302165402
1146,52128,10674,22277,29851,0.42735190300798037,0.3204708384978728
1147,52128,13601,52128,0,1,NA
1148,52128,24408,41727,10401,0.8004719152854513,0.07510816267667436
1149,52128,7865,35468,16660,0.680402087170043,0.1861762096142914
1150,52128,51966,52115,13,0.999750613873542,0.0869565217391304
1151,52128,31681,31681,20447,0.6077539901780233,0.06953750346423249
1152,52128,13601,52128,0,1,NA
1153,52128,13600,52128,0,1,NA
1154,52128,2928,52128,0,1,NA
1155,52128,129,32590,19538,0.6251918354818907,0.2926035072138285
1156,52128,51970,52115,13,0.999750613873542,0.22535211267605637
1157,52128,26355,37895,14233,0.7269605586249233,0.18609569310756532
1158,52128,44573,48165,3963,0.9239755985267035,0.12716376482462888
1159,52128,46570,49137,2991,0.9426220073664825,0.1814610498161149
1160,52128,13602,13602,38526,0.26093462246777166,0.1199536243921948
1161,52128,13600,52128,0,1,NA
1162,52128,18707,21098,31030,0.40473449969306324,0.2638414437640946
1163,52128,10682,13266,38862,0.2544889502762431,0.5180695669856064
1164,52128,13605,52128,0,1,NA
1165,52128,13602,52128,0,1,NA
1166,52128,13600,13600,38528,0.2608962553713935,0.28838334025470996
1167,52128,31690,31690,20438,0.607926642111725,0.12220747972343239
1168,52128,13600,52128,0,1,NA
1169,52128,13600,52128,0,1,NA
1170,52128,40591,52128,0,1,NA
1171,52128,24507,52128,0,1,NA
1172,52128,10680,14844,37284,0.2847605893186004,0.2568528054928769
1173,52128,2928,2928,49200,0.056169429097605895,0.2791920731707317
1174,52128,2928,2928,49200,0.056169429097605895,0.30785230352308135
1175,52128,2929,52128,0,1,NA
1176,52128,10680,18714,33414,0.3590009208103131,0.5422652181720605
1177,52128,13600,13600,38528,0.2608962553713935,0.09579927703109202
1178,52128,13600,52128,0,1,NA
1179,52128,373,26444,25684,0.5072897483118478,0.37221183962345217
1180,52128,13600,13600,38528,0.2608962553713935,0.3041398463455694
1181,52128,6,41347,10781,0.7931821669736034,0.7738084195740609
1182,52128,11663,11663,40465,0.223737722529159,0.02457267597512096
1183,52128,13603,13603,38525,0.2609538060159607,0.14670848655278773
1184,52128,990,990,51138,0.01899171270718232,0.002421552139961155
1185,52128,13601,13601,38527,0.2609154389195826,0.31098825354797976
1186,52128,11664,11664,40464,0.22375690607734808,0.23377158297088751
1187,52128,13600,52128,0,1,NA
1188,52128,33280,42145,9983,0.8084906384284838,0.6181809075428158
1189,52128,376,26416,25712,0.5067526089625537,0.19663172338964457
1190,52128,13600,13600,38528,0.2608962553713935,0.17261616371355398
1191,52128,990,990,51138,0.01899171270718232,0.16787907231416088
1192,52128,991,991,51137,0.019010896255371394,0.30422851034150333
1193,52128,13601,13601,38527,0.2609154389195826,0.12633780638682943
1194,52128,990,990,51138,0.01899171270718232,0.08628938688777488
1195,52128,2929,52128,0,1,NA
1196,52128,13602,13602,38526,0.26093462246777166,0.26081520704632677
1197,52128,2928,2928,49200,0.056169429097605895,0.31193766937668144
1198,52128,2928,2928,49200,0.056169429097605895,0.46495934959346596
1199,52128,990,52128,0,1,NA
1200,52128,15959,31775,20353,0.6095572437077962,0.7214292733258006
1201,52128,13601,13601,38527,0.2609154389195826,0.17890051132972634
1202,52128,6,6,52122,1.1510128913443831e-4,0.15602176943839122
1203,52128,2928,2928,49200,0.056169429097605895,0.09062330623306734
1204,52128,31707,35657,16471,0.6840277777777778,0.06693582660433431
1205,52128,10,10,52118,1.918354818907305e-4,0.06581379433848211
1206,52128,2928,2928,49200,0.056169429097605895,0.0042479674796747965
1207,52128,6,52128,0,1,NA
1208,52128,990,990,51138,0.01899171270718232,0.1542856801421682
1209,52128,13601,13601,38527,0.2609154389195826,0.07943779686972773
1210,52128,127,1552,50576,0.029772866789441375,0.1704977410234103
1211,52128,51981,51981,147,0.9971800184162063,0.17453231292517007
1212,52128,990,990,51138,0.01899171270718232,0.2498508936602829
1213,52128,990,990,51138,0.01899171270718232,0.17435012449975373
1214,52128,126,32592,19536,0.6252302025782689,0.047672672672670315
1215,52128,51979,52102,26,0.999501227747084,0.08333333333333333
1216,52128,2928,52128,0,1,NA
1217,52128,2928,2928,49200,0.056169429097605895,0.1279979674796748
1218,52128,990,990,51138,0.01899171270718232,0.15257896932483705
1219,52128,990,990,51138,0.01899171270718232,0.05543170766683238
1220,52128,990,52128,0,1,NA
1221,52128,10679,13900,38228,0.2666513198281154,0.39568989571342406
1222,52128,2928,52128,0,1,NA
1223,52128,2928,25745,26383,0.4938804481276857,0.6093601940643596
1224,52128,6,26067,26061,0.5000575506445673,0.07356245390088183
1225,52128,13600,13600,38528,0.2608962553713935,0.11246798864895244
1226,52128,2928,16442,35686,0.3154158993247391,0
1227,52128,2928,5737,46391,0.1100560159607121,0.17412860253066328
1228,52128,13601,27178,24950,0.5213704726826274,0.3123847695390782
1229,52128,643,26698,25430,0.5121623695518723,0.1959824354436999
1230,52128,2929,5701,46427,0.10936540822590546,0.3691889058809245
1231,52128,374,28467,23661,0.5460980662983426,0.2541312708676482
1232,52128,2928,14490,37638,0.2779696132596685,0
1233,52128,2928,6979,45149,0.13388198281154082,0.22186537907816342
1234,52128,13601,13601,38527,0.2609154389195826,0.14112613664875825
1235,52128,13601,13601,38527,0.2609154389195826,0.03589906645555682
1236,52128,13602,13602,38526,0.26093462246777166,0.05356339441761805
1237,52128,10681,14874,37254,0.28533609576427255,0.1573441778064611
1238,52128,2928,2928,49200,0.056169429097605895,0.08479674796746514
1239,52128,2929,2929,49199,0.056188612645794965,0.21933711389795982
1240,52128,990,52128,0,1,NA
1241,52128,13602,52128,0,1,NA
1242,52128,613,18004,34124,0.3453806015960712,0.15683096940570856
1243,52128,127,127,52001,0.0024363106200122773,0.16446318340034066
1244,52128,51966,51966,162,0.9968922651933702,0.15020576131687252
1245,52128,11663,11663,40465,0.223737722529159,0.11207216112688628
1246,52128,11311,25201,26927,0.48344459791282995,0.22854384075465542
1247,52128,991,52128,0,1,NA
1248,52128,46907,48754,3374,0.9352747084100675,0.30115919120068074
1249,52128,11667,11667,40461,0.22381445672191527,0.10254813276979044
1250,52128,13600,52128,0,1,NA
1251,52128,19304,31738,20390,0.6088474524248005,0.5046918424064064
1252,52128,6,6,52122,1.1510128913443831e-4,0.16681727485513906
1253,52128,10680,16024,36104,0.3073971761817066,0.15399955683582744
1254,52128,990,52128,0,1,NA
1255,52128,5462,5462,46666,0.10478054020871701,0.013196617094529961
1256,52128,13600,37025,15103,0.7102708717004297,0.05637952724623971
1257,52128,13600,13600,38528,0.2608962553713935,0.21713429194351536
1258,52128,6,6,52122,1.1510128913443831e-4,0.17196193545920704
1259,52128,990,990,51138,0.01899171270718232,0.21344205874300912
1260,52128,2928,31630,20498,0.6067756292203806,0.11442579763879403
1261,52128,10673,41234,10894,0.7910144260282382,0.8332568386267167
1262,52128,13600,13600,38528,0.2608962553713935,0.23288690476192211
1263,52128,7505,24888,27240,0.47744014732965007,0.3176324409804611
1264,52128,2929,6268,45860,0.12024248004910988,0.48229757232155396
1265,52128,10687,52115,13,0.999750613873542,0
1266,52128,4411,34179,17949,0.6556744935543278,0.15814599699147586
1267,52128,51925,52121,7,0.9998657151626765,0.13333333333333333
1268,52128,2928,6817,45311,0.130774248004911,0.44094149323563814
1269,52128,34357,42765,9363,0.8203844383057091,0.39369989546215434
1270,52128,13601,52128,0,1,NA
1271,52128,990,52128,0,1,NA
1272,52128,13600,13600,38528,0.2608962553713935,0.17207831533776197
1273,52128,7,7,52121,1.3428483732351137e-4,0.30885055927547794
1274,52128,13820,31221,20907,0.5989295580110497,0.34383818816664274
1275,52128,2928,2928,49200,0.056169429097605895,0.051233062330622775
1276,52128,2928,2928,49200,0.056169429097605895,0.43387364498644065
1277,52128,13853,18181,33947,0.34877608962553713,0.5087562965799629
1278,52128,13600,13600,38528,0.2608962553713935,0.045174937707641194
1279,52128,2929,2929,49199,0.056188612645794965,0.2297515285787499
1280,52128,992,992,51136,0.019030079803560467,0.20366893055754182
1281,52128,13600,13600,38528,0.2608962553713935,0.038820251937987514
1282,52128,13600,13600,38528,0.2608962553713935,0.061892216915830925
1283,52128,5462,5462,46666,0.10478054020871701,0.19813140187716968
1284,52128,990,990,51138,0.01899171270718232,0.23342882657384587
1285,52128,13600,13600,38528,0.2608962553713935,0.09920707018272425
1286,52128,13601,52128,0,1,NA
1287,52128,990,990,51138,0.01899171270718232,0.18964696833403302
1288,52128,2928,52128,0,1,NA
1289,52128,13600,13600,38528,0.2608962553713935,0.05922099944629292
1290,52128,13601,16996,35132,0.32604358502148556,0.38282287752854555
1291,52128,990,990,51138,0.01899171270718232,0.3110244175890238
1292,52128,2928,2928,49200,0.056169429097605895,0.22075880758808908
1293,52128,10980,10980,41148,0.2106353591160221,0.2568290074852123
1294,52128,2929,2929,49199,0.056188612645794965,0.28711739850181267
1295,52128,368,26426,25702,0.5069444444444444,0.20570869971208466
1296,52128,126,126,52002,0.0024171270718232043,0.16669871671599928
1297,52128,51966,51966,162,0.9968922651933702,0.15226337448559688
1298,52128,2928,2928,49200,0.056169429097605895,0.012865853658536446
1299,52128,990,990,51138,0.01899171270718232,0.2209008676800953
1300,52128,12429,26202,25926,0.5026473296500921,0.8355018985659856
1301,52128,10680,41287,10841,0.7920311540822591,0.575343602988652
1302,52128,6,6,52122,1.1510128913443831e-4,0.10645749928590774
1303,52128,10680,39372,12756,0.7552946593001841,0.940885335005617
1304,52128,2928,2928,49200,0.056169429097605895,0.31984247967479673
1305,52128,2928,2928,49200,0.056169429097605895,0.0410630081300777
1306,52128,2928,2928,49200,0.056169429097605895,0.05886856368562692
1307,52128,380,26429,25699,0.5070019950890117,0.3557209181291101
1308,52128,11667,11667,40461,0.22381445672191527,0.14993656442829587
1309,52128,13600,13600,38528,0.2608962553713935,0.14533153377629693
1310,52128,2929,2929,49199,0.056188612645794965,0.16790991686829088
1311,52128,2927,2927,49201,0.05615024554941682,0.03941880133420448
1312,52128,126,126,52002,0.0024171270718232043,0.1860063074497367
1313,52128,51966,51966,162,0.9968922651933702,0.12283950617283987
1314,52128,11663,11663,40465,0.223737722529159,0.16086988755718493
1315,52128,13601,19051,33077,0.3654657765500307,0
1316,52128,11663,11663,40465,0.223737722529159,0.1944087483010001
1317,52128,2929,2929,49199,0.056188612645794965,0.25293705156608876
1318,52128,678,678,51450,0.013006445672191528,0.10829608033690356
1319,52128,2940,4842,47286,0.09288674033149172,0.16547709681512043
1320,52128,2928,2928,49200,0.056169429097605895,0.3271963922764228
1321,52128,6,6,52122,1.1510128913443831e-4,0.3703703703704825
1322,52128,2928,52128,0,1,NA
1323,52128,990,52128,0,1,NA
1324,52128,2929,2929,49199,0.056188612645794965,0.24156995060875094
1325,52128,2928,52128,0,1,NA
1326,52128,13600,13600,38528,0.2608962553713935,0.3349814853267033
1327,52128,6,6,52122,1.1510128913443831e-4,0.1314448153690404
1328,52128,2928,52128,0,1,NA
1329,52128,2927,52128,0,1,NA
1330,52128,12824,26660,25468,0.5114333947206875,0.6984925218772379
1331,52128,2928,52128,0,1,NA
1332,52128,2928,52128,0,1,NA
1333,52128,990,990,51138,0.01899171270718232,0.32927894455524437
1334,52128,7,52128,0,1,NA
1335,52128,2928,52128,0,1,NA
1336,52128,2928,52128,0,1,NA
1337,52128,52128,52128,0,1,NA
1338,52128,6,6,52122,1.1510128913443831e-4,0.0816617742987606
1339,52128,6,6,52122,1.1510128913443831e-4,0.12655964212170287
1340,52128,20781,20781,31347,0.3986533149171271,0.13118091699772794
1341,52128,25760,52115,13,0.999750613873542,0
1342,52128,21386,23958,28170,0.45959944751381215,0.3840028793436677
1343,52128,51979,51979,149,0.9971416513198281,0.3374347501864277
1344,52128,13600,52128,0,1,NA
1345,52128,13600,13600,38528,0.2608962553713935,0.28360759274640346
1346,52128,10,10,52118,1.918354818907305e-4,0.10534108497383857
1347,52128,5462,5462,46666,0.10478054020871701,0.0769189559850855
1348,52128,23206,41254,10874,0.7913980969920197,0.13749412461937166
1349,52128,6825,29538,22590,0.5666436464088398,0.26583594699218654
1350,52128,51970,52102,26,0.999501227747084,0.14772727272727265
1351,52128,2928,52128,0,1,NA
1352,52128,13601,52128,0,1,NA
1353,52128,990,990,51138,0.01899171270718232,0.06496962467572541
1354,52128,10,10,52118,1.918354818907305e-4,0.09970643539660003
1355,52128,13601,13601,38527,0.2609154389195826,0.00974641160744413
1356,52128,13601,13601,38527,0.2609154389195826,0.26889367629630295
1357,52128,128,32584,19544,0.6250767341927563,0.039504268756209465
1358,52128,51966,52115,13,0.999750613873542,0
1359,52128,13601,13601,38527,0.2609154389195826,0.007702390531315701
1360,52128,13600,13600,38528,0.2608962553713935,0.15253697166855448
1361,52128,13601,13601,38527,0.2609154389195826,0.01653645495367004
1362,52128,10680,12979,39149,0.24898327194597913,0.36188791540017046
1363,52128,2928,5554,46574,0.10654542664211172,0.32096591803730423
1364,52128,13601,13601,38527,0.2609154389195826,0.04799880603213331
1365,52128,2928,5892,46236,0.11302946593001842,0.27875465005623323
1366,52128,11663,11663,40465,0.223737722529159,0.18265373367931456
1367,52128,15587,15587,36541,0.29901396562308163,0.18504100416879238
1368,52128,51966,51966,162,0.9968922651933702,0.15689300411522644
1369,52128,371,26435,25693,0.5071170963781461,0.29906329869355236
1370,52128,2928,52128,0,1,NA
1371,52128,374,26445,25683,0.5073089318600368,0.38768186478732825
1372,52128,6,6,52122,1.1510128913443831e-4,0.13133249875292582
1373,52128,371,26427,25701,0.5069636279926335,0.18109217540173414
1374,52128,13601,13601,38527,0.2609154389195826,0.11423590382500623
1375,52128,13600,13600,38528,0.2608962553713935,0.26209942552603793
1376,52128,23199,41277,10851,0.7918393186003683,0.0695020428224767
1377,52128,13603,13603,38525,0.2609538060159607,0.0721328141899147
1378,52128,19331,39810,12318,0.7636970534069981,0.1443868438753885
1379,52128,51966,52115,13,0.999750613873542,0.21739130434782614
1380,52128,17647,39193,12935,0.7518608041743401,0.27071567971185917
1381,52128,51979,52102,26,0.999501227747084,0.1463414634146341
1382,52128,2928,52128,0,1,NA
1383,52128,374,26448,25680,0.507366482504604,0.34458966121495327
1384,52128,122,122,52006,0.0023403928790669123,0.037683686070405266
1385,52128,51966,51966,162,0.9968922651933702,0.005486968449931414
1386,52128,2928,52128,0,1,NA
1387,52128,990,990,51138,0.01899171270718232,0.1396124212913929
1388,52128,13605,52128,0,1,NA
1389,52128,990,990,51138,0.01899171270718232,0.3011028980406325
1390,52128,2927,2927,49201,0.05615024554941682,0.027021808499826223
1391,52128,13601,13601,38527,0.2609154389195826,0.09235947084727093
1392,52128,6,24489,27639,0.46978591160220995,0.07654944100727362
1393,52128,8148,35590,16538,0.6827424800491099,0.2754910768273962
1394,52128,51966,52115,13,0.999750613873542,0.3571428571428571
1395,52128,2928,2928,49200,0.056169429097605895,0.3564256678280358
1396,52128,2928,2928,49200,0.056169429097605895,0.09331300813009079
1397,52128,13601,13601,38527,0.2609154389195826,0.012915617618812446
1398,52128,990,990,51138,0.01899171270718232,0.14848384110969945
1399,52128,15,15,52113,2.877532228360958e-4,0.2616749499485199
1400,52128,13600,13600,38528,0.2608962553713935,0.11371383582502066
1401,52128,991,991,51137,0.019010896255371394,0.1750568541944829
1402,52128,5462,5462,46666,0.10478054020871701,0.05353647909255919
1403,52128,126,33803,18325,0.6484614794352364,0.2528149158708455
1404,52128,51966,52128,0,1,NA
1405,52128,23543,23543,28585,0.4516382750153468,0.17039239694473185
1406,52128,51968,51968,160,0.9969306322897483,0.20374999999999974
1407,52128,2928,8246,43882,0.15818753836709637,0.26422375157620615
1408,52128,18771,35566,16562,0.6822820748925721,0.8017570341744926
1409,52128,13600,13600,38528,0.2608962553713935,0.170776232004421
1410,52128,6,6,52122,1.1510128913443831e-4,0.4210282286430454
1411,52128,678,3402,48726,0.06526243093922653,0.18802076919918229
1412,52128,13600,13600,38528,0.2608962553713935,0.04060034260796852
1413,52128,16137,16137,35991,0.30956491712707185,0.136418363850227
1414,52128,990,52128,0,1,NA
1415,52128,11663,52128,0,1,NA
1416,52128,990,990,51138,0.01899171270718232,0.3433307911924645
1417,52128,13601,13601,38527,0.2609154389195826,0.0055242643687110895
1418,52128,990,990,51138,0.01899171270718232,0.2350150572959272
1419,52128,2930,2930,49198,0.05620779619398404,0.39277567742136094
1420,52128,6,6,52122,1.1510128913443831e-4,0.1695328315087815
1421,52128,21400,40589,11539,0.7786410374462861,0.14577162869652502
1422,52128,51966,52115,13,0.999750613873542,0.23529411764705885
1423,52128,13600,13600,38528,0.2608962553713935,0.08585314576412362
1424,52128,13601,15838,36290,0.30382903621853896,0.1177275649857673
1425,52128,678,678,51450,0.013006445672191528,0.11002526724972563
1426,52128,126,126,52002,0.0024171270718232043,0.12734125610553318
1427,52128,52070,52070,58,0.9988873542050337,0
1428,52128,10680,15526,36602,0.2978437691835482,0.33308369520147274
1429,52128,2929,2929,49199,0.056188612645794965,0.30768579307164406
1430,52128,17430,17430,34698,0.33436924493554326,0.34306277322217543
1431,52128,13601,52128,0,1,NA
1432,52128,29386,44439,7689,0.8524976979742173,0.9322545536685262
1433,52128,2927,2927,49201,0.05615024554941682,0.22357777280949573
1434,52128,3339,20725,31403,0.39757903621853896,0.48545720154125405
1435,52128,2928,2928,49200,0.056169429097605895,0.07403963414634146
1436,52128,31768,37552,14576,0.7203806015960712,0.9235585533538367
1437,52128,126,34226,17902,0.6565761203192142,0.18252616095035454
1438,52128,51966,52115,13,0.999750613873542,0.125
1439,52128,2928,2928,49200,0.056169429097605895,0.07858062330624346
1440,52128,990,990,51138,0.01899171270718232,0.023337179136193566
1441,52128,13607,13607,38521,0.261030540208717,0.08311570312298186
1442,52128,13600,13600,38528,0.2608962553713935,0.11470662029347967
1443,52128,13615,13615,38513,0.2611840085942296,0.17144254321052677
1444,52128,2928,2928,49200,0.056169429097605895,0.07623577235772198
1445,52128,13589,13589,38539,0.2606852363413137,0.10443965852775496
1446,52128,51966,51966,162,0.9968922651933702,0.04492455418381344
1447,52128,6,6,52122,1.1510128913443831e-4,0.35469507437678766
1448,52128,6,6,52122,1.1510128913443831e-4,0.4779427752836529
1449,52128,2928,52128,0,1,NA
1450,52128,990,990,51138,0.01899171270718232,0.14029358467941985
1451,52128,13600,13600,38528,0.2608962553713935,0.16344995847172517
1452,52128,13601,52128,0,1,NA
1453,52128,373,26429,25699,0.5070019950890117,0.3418745217064315
1454,52128,1526,33130,18998,0.6355509515039902,0.26569244130961156
1455,52128,51979,52115,13,0.999750613873542,0.1891891891891892
1456,52128,1526,33127,19001,0.635493400859423,0.1811922179534336
1457,52128,51966,52115,13,0.999750613873542,0
1458,52128,13601,13601,38527,0.2609154389195826,0.093036485235467
1459,52128,2928,6590,45538,0.1264195825659914,0.4861690602720166
1460,52128,13601,13601,38527,0.2609154389195826,0.23804085446569787
1461,52128,11665,52128,0,1,NA
1462,52128,20405,52128,0,1,NA
1463,52128,51938,52095,33,0.9993669429097606,0.5187590187590186
1464,52128,2928,2928,49200,0.056169429097605895,0.043885924796747966
1465,52128,2928,2928,49200,0.056169429097605895,0.48911246612466625
1466,52128,13601,13601,38527,0.2609154389195826,0.14467126949931217
1467,52128,10,26075,26053,0.5002110190300798,0.288043012911509
1468,52128,2928,2928,49200,0.056169429097605895,0.19927168021679037
1469,52128,990,990,51138,0.01899171270718232,0.33386196826884745
1470,52128,13601,13601,38527,0.2609154389195826,0.37510317439698954
1471,52128,377,26425,25703,0.5069252608962553,0.13689063533439708
1472,52128,11663,52128,0,1,NA
1473,52128,13601,13601,38527,0.2609154389195826,0.08175219110407961
1474,52128,11,11,52117,2.1101903007980356e-4,0.33567358059752195
1475,52128,2928,7832,44296,0.15024554941682014,0.4422239028354705
1476,52128,6,6,52122,1.1510128913443831e-4,0.14916350101688144
1477,52128,3748,3748,48380,0.07189993861264579,0.2541329313664926
1478,52128,52128,52128,0,1,NA
1479,52128,21932,21932,30196,0.42073357888275015,0.1038134189958935
1480,52128,2927,2927,49201,0.05615024554941682,0.11080398094891322
1481,52128,13601,13601,38527,0.2609154389195826,0.004987844022806513
1482,52128,19633,39918,12210,0.765768876611418,0.20725353452625195
1483,52128,6,6,52122,1.1510128913443831e-4,0.11892610925646169
1484,52128,2928,52128,0,1,NA
1485,52128,45622,45622,6506,0.8751918354818907,0.11181752973944172
1486,52128,126,32580,19548,0.625,0.300003611020803
1487,52128,52128,52128,0,1,NA
1488,52128,13602,13602,38526,0.26093462246777166,0.1614568269294958
1489,52128,51962,52115,13,0.999750613873542,0
1490,52128,13602,52128,0,1,NA
1491,52128,2928,2928,49200,0.056169429097605895,0.09593495934958253
1492,52128,6,52128,0,1,NA
1493,52128,13601,16160,35968,0.3100061387354205,0.15691725978647686
1494,52128,13601,27680,24448,0.531000613873542,0.2766688481675393
1495,52128,13602,52128,0,1,NA
1496,52128,125,125,52003,0.0023979435236341313,0.20336189395676985
1497,52128,52128,52128,0,1,NA
1498,52128,4405,34176,17952,0.6556169429097606,0.2095105466429036
1499,52128,51967,52115,13,0.999750613873542,0.2
1500,52128,24565,41761,10367,0.8011241559238796,0.2583298987755261
1501,52128,52128,52128,0,1,NA
1502,52128,990,990,51138,0.01899171270718232,0.17319149490923297
1503,52128,2929,52128,0,1,NA
1504,52128,990,990,51138,0.01899171270718232,0.053740206239328035
1505,52128,11351,11351,40777,0.2177524554941682,0.09869534296291699
1506,52128,990,990,51138,0.01899171270718232,0.05482115930316363
1507,52128,13600,52128,0,1,NA
1508,52128,990,990,51138,0.01899171270718232,0.20281069524294756
1509,52128,2928,52128,0,1,NA
1510,52128,11663,16253,35875,0.3117902087170043,0.4098490127756541
1511,52128,2930,2930,49198,0.05620779619398404,0.21504600458015755
1512,52128,990,990,51138,0.01899171270718232,0.12482356120161744
1513,52128,2928,2928,49200,0.056169429097605895,0.007063008130081301
1514,52128,990,990,51138,0.01899171270718232,0.06503969650749097
1515,52128,6,6,52122,1.1510128913443831e-4,0.18416791374080468
1516,52128,2928,2928,49200,0.056169429097605895,0.19390243902437335
1517,52128,6,6,52122,1.1510128913443831e-4,0.18181488729436335
1518,52128,2928,52115,13,0.999750613873542,0
1519,52128,13602,52128,0,1,NA
1520,52128,2928,2928,49200,0.056169429097605895,0.11548577235772799
1521,52128,2929,52128,0,1,NA
1522,52128,374,26437,25691,0.5071554634745242,0.37419803585411227
1523,52128,17071,43308,8820,0.8308011049723757,0.0653061224489799
1524,52128,51966,52115,13,0.999750613873542,0
1525,52128,371,26436,25692,0.5071362799263351,0.18784706004463483
1526,52128,5462,5462,46666,0.10478054020871701,0.242399891427018
1527,52128,2928,10277,41851,0.19714932473910374,0.3364634855400028
1528,52128,6,6,52122,1.1510128913443831e-4,0.5402517171251698
1529,52128,19192,33027,19101,0.6335750460405156,0.32796115202932474
1530,52128,10683,24080,28048,0.46193984039287905,0.4690134372821411
1531,52128,13601,13601,38527,0.2609154389195826,0.2867729125029039
1532,52128,2928,2928,49200,0.056169429097605895,0.36499096657634594
1533,52128,16135,16135,35993,0.3095265500306937,0.47660239491011824
1534,52128,2927,2927,49201,0.05615024554941682,0.31885304950892146
1535,52128,2928,2928,49200,0.056169429097605895,0.3051513098464113
1536,52128,2929,52128,0,1,NA
1537,52128,11663,52128,0,1,NA
1538,52128,2928,2928,49200,0.056169429097605895,0.3546056910569243
1539,52128,2929,2929,49199,0.056188612645794965,0.3419742164207573
1540,52128,2928,2928,49200,0.056169429097605895,0.2700738125802773
1541,52128,2928,2928,49200,0.056169429097605895,0.1447018970189926
1542,52128,13601,13601,38527,0.2609154389195826,0.1461673343081579
1543,52128,990,52128,0,1,NA
1544,52128,11351,11351,40777,0.2177524554941682,0.06522467730992175
1545,52128,13601,13601,38527,0.2609154389195826,0.3934643237210268
1546,52128,2930,2930,49198,0.05620779619398404,0.17787172920301025
1547,52128,2929,2929,49199,0.056188612645794965,0.24682073483876207
1548,52128,47058,47058,5070,0.9027394106813996,0.07961867192636315
1549,52128,7527,7527,44601,0.14439456721915286,0.149383795580056
1550,52128,2928,2928,49200,0.056169429097605895,0.16236720867200555
1551,52128,2928,2928,49200,0.056169429097605895,0.17508130081301693
1552,52128,13601,13601,38527,0.2609154389195826,0.08579437796868909
1553,52128,13603,13603,38525,0.2609538060159607,0.17728963876269968
1554,52128,2928,2928,49200,0.056169429097605895,0.7502083333333334
1555,52128,991,991,51137,0.019010896255371394,0.39888762865764144
1556,52128,6,26058,26070,0.49988489871086556,0.3566168009205986
1557,52128,990,990,51138,0.01899171270718232,0.40747476327671267
1558,52128,2928,2928,49200,0.056169429097605895,0.18067750677511157
1559,52128,992,992,51136,0.019030079803560467,0.1850118637881254
1560,52128,2928,14204,37924,0.2724831184775936,0.29759519038076154
1561,52128,13600,13600,38528,0.2608962553713935,0.0973945355758644
1562,52128,39125,47784,4344,0.9166666666666666,0.2428061694290962
1563,52128,5463,5463,46665,0.10479972375690608,0.31736847744562463
1564,52128,13604,13604,38524,0.26097298956414977,0.10568736372132952
1565,52128,13605,52128,0,1,NA
1566,52128,129,129,51999,0.0024746777163904238,0.4304362385479139
1567,52128,13604,52128,0,1,NA
1568,52128,13600,13600,38528,0.2608962553713935,0.07657850567553949
1569,52128,990,990,51138,0.01899171270718232,0.44365246978763345
1570,52128,13600,13600,38528,0.2608962553713935,0.5923527477851552
1571,52128,2928,21481,30647,0.4120817986494782,0
1572,52128,13601,13601,38527,0.2609154389195826,0.2185941749365339
1573,52128,11665,11665,40463,0.22377608962553713,0.15867994628840434
1574,52128,2928,5737,46391,0.1100560159607121,0.4471664762561704
1575,52128,11664,11664,40464,0.22375690607734808,0.007945334124159747
1576,52128,13601,52128,0,1,NA
1577,52128,13600,13600,38528,0.2608962553713935,0.05761394310630935
1578,52128,2929,2929,49199,0.056188612645794965,0.14430374601102458
1579,52128,16715,16715,35413,0.32065300798035606,0.2962971008039265
1580,52128,51972,51972,156,0.9970073664825047,0.10677083333333333
1581,52128,10682,52115,13,0.999750613873542,0
1582,52128,679,679,51449,0.013025629220380601,0.1598476160858514
1583,52128,2928,2928,49200,0.056169429097605895,0.4142165558019673
1584,52128,13600,13600,38528,0.2608962553713935,0.029353111157255366
1585,52128,13600,13600,38528,0.2608962553713935,0.30379637320040986
1586,52128,13603,13603,38525,0.2609538060159607,0.15699329439763698
1587,52128,2927,2927,49201,0.05615024554941682,0.4742213911641443
1588,52128,678,678,51450,0.013006445672191528,0.06724975704568306
1589,52128,127,34450,17678,0.6608732351135667,0.3811705698231505
1590,52128,51979,52115,13,0.999750613873542,0.16666666666666666
1591,52128,13600,52128,0,1,NA
1592,52128,10680,15728,36400,0.30171884591774095,0.5715274725275198
1593,52128,990,52128,0,1,NA
1594,52128,126,126,52002,0.0024171270718232043,0.3058418953868627
1595,52128,51979,51979,149,0.9971416513198281,0.19512195121951195
1596,52128,13603,52128,0,1,NA
1597,52128,991,991,51137,0.019010896255371394,0.12825025584868935
1598,52128,13602,13602,38526,0.26093462246777166,0.03764340964543208
1599,52128,127,32580,19548,0.625,0.21521511152035788
1600,52128,51979,52115,13,0.999750613873542,0.125
1601,52128,13600,13600,38528,0.2608962553713935,0.11636731727571654
1602,52128,382,26446,25682,0.5073281154082259,0.27162610541797205
1603,52128,11663,11663,40465,0.223737722529159,0.02855966061205012
1604,52128,13601,13601,38527,0.2609154389195826,0.31049220892708407
1605,52128,13600,13600,38528,0.2608962553713935,0.01607056339977868
1606,52128,13600,13600,38528,0.2608962553713935,0.03505242940199477
1607,52128,2927,2927,49201,0.05615024554941682,0.10371062918775185
1608,52128,6,6,52122,1.1510128913443831e-4,0.24493496028537393
1609,52128,990,990,51138,0.01899171270718232,0.32226524306782617
1610,52128,13602,13602,38526,0.26093462246777166,0.10766754918756721
1611,52128,2928,2928,49200,0.056169429097605895,0.1300731707316519
1612,52128,13601,13601,38527,0.2609154389195826,0.00202455420873673
1613,52128,13603,13603,38525,0.2609538060159607,0.5006489292667099
1614,52128,13600,13600,38528,0.2608962553713935,0.11254801702658478
1615,52128,990,990,51138,0.01899171270718232,0.0022879267863428372
1616,52128,2928,12234,39894,0.2346915285451197,0.2559344763623603
1617,52128,13602,17012,35116,0.32635052179251073,0.6458565895887678
1618,52128,2928,52128,0,1,NA
1619,52128,990,990,51138,0.01899171270718232,0.041756293428244544
1620,52128,2928,2928,49200,0.056169429097605895,0.03738482384824454
1621,52128,11665,52128,0,1,NA
1622,52128,6,6,52122,1.1510128913443831e-4,0.15184886740086212
1623,52128,2928,2928,49200,0.056169429097605895,0.5537019586105454
1624,52128,2928,2928,49200,0.056169429097605895,0.48054878048780486
1625,52128,2928,5879,46249,0.11278007980356047,0.09822915090056002
1626,52128,2928,31304,20824,0.6005217925107428,0.0011285055704955821
1627,52128,2928,31322,20806,0.6008670963781461,0.0853599923099106
1628,52128,2928,2928,49200,0.056169429097605895,0.2877235772356997
1629,52128,2928,2928,49200,0.056169429097605895,0.005037262872628653
1630,52128,2928,52115,13,0.999750613873542,0
1631,52128,2929,2929,49199,0.056188612645794965,0.10145785483444786
1632,52128,13601,28332,23796,0.5435082872928176,0
1633,52128,13606,13606,38522,0.26101135666052794,0.5391291556340176
1634,52128,13601,13601,38527,0.2609154389195826,0.011642808939185506
1635,52128,2928,2928,49200,0.056169429097605895,0.01771849593495935
1636,52128,2928,2928,49200,0.056169429097605895,0.26292073170732594
1637,52128,126,126,52002,0.0024171270718232043,0.28505634398676455
1638,52128,51966,51966,162,0.9968922651933702,0.29012345679012325
1639,52128,13608,13608,38520,0.2610497237569061,0.14867520119418484
1640,52128,990,52128,0,1,NA
1641,52128,13601,13601,38527,0.2609154389195826,0.11956333653454773
1642,52128,11584,25419,26709,0.48762661141804786,0.1949230596428171
1643,52128,2928,2928,49200,0.056169429097605895,0.13811178861790505
1644,52128,2929,2929,49199,0.056188612645794965,0.3313442459309202
1645,52128,2929,2929,49199,0.056188612645794965,0.34474955453024614
1646,52128,2928,2928,49200,0.056169429097605895,0.004634146341463414
1647,52128,13602,52128,0,1,NA
1648,52128,2928,2928,49200,0.056169429097605895,0.1508362369338004
1649,52128,2928,2928,49200,0.056169429097605895,0.15505420054201377
1650,52128,2930,52128,0,1,NA
1651,52128,2929,2929,49199,0.056188612645794965,0.5922342595042795
1652,52128,2929,2929,49199,0.056188612645794965,0.24279761783776435
1653,52128,13600,13600,38528,0.2608962553713935,0.1790061773255839
1654,52128,2928,2928,49200,0.056169429097605895,0.33607317073169213
1655,52128,990,52128,0,1,NA
1656,52128,2928,52128,0,1,NA
1657,52128,992,52128,0,1,NA
1658,52128,2929,2929,49199,0.056188612645794965,0.3718955443990407
1659,52128,2928,52128,0,1,NA
1660,52128,13602,13602,38526,0.26093462246777166,0.11930903805222563
1661,52128,2928,2928,49200,0.056169429097605895,0.26389735772357725
1662,52128,13600,52128,0,1,NA
1663,52128,52128,52128,0,1,NA
1664,52128,611,26663,25465,0.5114909453652547,0.37434059820668963
1665,52128,13601,13601,38527,0.2609154389195826,0.1687842292418304
1666,52128,990,52128,0,1,NA
1667,52128,990,52128,0,1,NA
1668,52128,13601,13601,38527,0.2609154389195826,0.19019129441690652
1669,52128,2928,2928,49200,0.056169429097605895,0.40887025745255806
1670,52128,13601,13601,38527,0.2609154389195826,0.33879137707619605
1671,52128,2928,2928,49200,0.056169429097605895,0.18293953252032522
1672,52128,372,26437,25691,0.5071554634745242,0.44538035369060747
1673,52128,11663,52128,0,1,NA
1674,52128,373,26432,25696,0.5070595457335789,0.1881486093814801
1675,52128,13601,52128,0,1,NA
1676,52128,2927,52128,0,1,NA
1677,52128,990,52128,0,1,NA
1678,52128,990,52128,0,1,NA
1679,52128,991,52128,0,1,NA
1680,52128,13600,13600,38528,0.2608962553713935,0.06519068383167126
1681,52128,52128,52128,0,1,NA
1682,52128,13967,31357,20771,0.6015385205647636,0.32342506711114005
1683,52128,2928,52128,0,1,NA
1684,52128,678,678,51450,0.013006445672191528,0.358522837706506
1685,52128,2928,2928,49200,0.056169429097605895,0.044329268292682925
1686,52128,6,6,52122,1.1510128913443831e-4,0.29988083513461855
1687,52128,19662,19662,32466,0.37718692449355434,0.12841382779934338
1688,52128,13601,52128,0,1,NA
1689,52128,13600,13600,38528,0.2608962553713935,0.062320476882611615
1690,52128,13600,13600,38528,0.2608962553713935,0.16407547757472413
1691,52128,11666,11666,40462,0.22379527317372622,0.2561086121958437
1692,52128,13607,13607,38521,0.261030540208717,0.161695352318657
1693,52128,13600,13600,38528,0.2608962553713935,0.05793189368770803
1694,52128,2928,2928,49200,0.056169429097605895,0.16932079945799855
1695,52128,13601,13601,38527,0.2609154389195826,0.1304350903852212
1696,52128,13601,52128,0,1,NA
1697,52128,13601,13601,38527,0.2609154389195826,0.04606509720455784
1698,52128,13601,13601,38527,0.2609154389195826,0.23817063358164403
1699,52128,2928,2928,49200,0.056169429097605895,0.5955984643180537
1700,52128,2928,2928,49200,0.056169429097605895,0.047266260162601624
1701,52128,13601,13601,38527,0.2609154389195826,0.08131959405092533
1702,52128,5462,5462,46666,0.10478054020871701,0.13448049257848232
1703,52128,13601,52128,0,1,NA
1704,52128,36417,46214,5914,0.886548496009822,0.5459221057377983
1705,52128,14147,48667,3461,0.9336057397176182,0.5496572194058493
1706,52128,51967,52128,0,1,NA
1707,52128,2928,52128,0,1,NA
1708,52128,125,125,52003,0.0023979435236341313,0.23835243479542628
1709,52128,51979,51979,149,0.9971416513198281,0.2164429530201346
1710,52128,10681,28917,23211,0.5547306629834254,0.8378175577671504
1711,52128,2928,2928,49200,0.056169429097605895,0.34490040650405335
1712,52128,13600,52128,0,1,NA
1713,52128,16135,16135,35993,0.3095265500306937,0.318079209846359
1714,52128,990,990,51138,0.01899171270718232,0.1781388921480445
1715,52128,24800,24800,27328,0.47575199508901167,0.09523199648711997
1716,52128,51968,51968,160,0.9969306322897483,0.12291666666666663
1717,52128,11637,36858,15270,0.7070672191528545,0.4984244385376661
1718,52128,52128,52128,0,1,NA
1719,52128,13601,52128,0,1,NA
1720,52128,127,32613,19515,0.6256330570902394,0.5825113160816434
1721,52128,51966,52115,13,0.999750613873542,0.5
1722,52128,52128,52128,0,1,NA
1723,52128,13829,31211,20917,0.598737722529159,0.26720270341676355
1724,52128,2928,2928,49200,0.056169429097605895,0.37717140921405085
1725,52128,13602,20936,31192,0.4016267648864334,0.01144524236983842
1726,52128,990,990,51138,0.01899171270718232,0.2467913619356849
1727,52128,18521,18521,33607,0.355298496009822,0.06349041039732549
1728,52128,2928,52128,0,1,NA
1729,52128,13603,13603,38525,0.2609538060159607,0.15940298507461467
1730,52128,2929,2929,49199,0.056188612645794965,0.10478939273832913
1731,52128,990,990,51138,0.01899171270718232,0.1930951542883716
1732,52128,2928,52128,0,1,NA
1733,52128,678,678,51450,0.013006445672191528,0.10557391210455842
1734,52128,990,990,51138,0.01899171270718232,0.19579699375544754
1735,52128,2928,8673,43455,0.16637891344383057,0.5228972500287788
1736,52128,990,990,51138,0.01899171270718232,0.25790670994821996
1737,52128,33668,43004,9124,0.8249693063228974,0.12082602659652267
1738,52128,13600,13600,38528,0.2608962553713935,0.007293397009966671
1739,52128,13600,52128,0,1,NA
1740,52128,13601,52128,0,1,NA
1741,52128,10680,30237,21891,0.5800529465930019,0.6778660941328724
1742,52128,2928,2928,49200,0.056169429097605895,0.06479166666666666
1743,52128,2928,52128,0,1,NA
1744,52128,13605,13605,38523,0.26099217311233885,0.4208706487033968
1745,52128,13600,13600,38528,0.2608962553713935,0.17483172411405165
1746,52128,13603,13603,38525,0.2609538060159607,0.3562725502919479
1747,52128,990,990,51138,0.01899171270718232,0.13232495078679327
1748,52128,2928,6376,45752,0.12231430325352978,0.3366628781255502
1749,52128,13600,13600,38528,0.2608962553713935,0.08572337001661129
1750,52128,679,679,51449,0.013025629220380601,0.37962027120711006
1751,52128,13601,17483,34645,0.33538597298956413,0
1752,52128,10681,14719,37409,0.2823626457949662,0.23141490015775895
1753,52128,13604,13604,38524,0.26097298956414977,0.10727511854082168
1754,52128,11666,52128,0,1,NA
1755,52128,2928,2928,49200,0.056169429097605895,0.2527520325203869
1756,52128,11663,11663,40465,0.223737722529159,0.06480497549322124
1757,52128,13601,13601,38527,0.2609154389195826,0.1716674886010924
1758,52128,2928,52128,0,1,NA
1759,52128,13603,13603,38525,0.2609538060159607,0.16793640493186243
1760,52128,990,990,51138,0.01899171270718232,0.19545967121646093
1761,52128,2928,2928,49200,0.056169429097605895,0.1031747967479308
1762,52128,11666,52128,0,1,NA
1763,52128,2928,52128,0,1,NA
1764,52128,13601,13601,38527,0.2609154389195826,0.0759640425329465
1765,52128,990,990,51138,0.01899171270718232,0.09619395883035665
1766,52128,11665,11665,40463,0.22377608962553713,0.32021435220671657
1767,52128,990,52128,0,1,NA
1768,52128,13601,13601,38527,0.2609154389195826,0.002868118462377052
1769,52128,13600,13600,38528,0.2608962553713935,0.12076498477303395
1770,52128,2927,52128,0,1,NA
1771,52128,2928,2928,49200,0.056169429097605895,0.08792682926829268
1772,52128,13601,52128,0,1,NA
1773,52128,2928,2928,49200,0.056169429097605895,0.4176693766938594
1774,52128,13600,13600,38528,0.2608962553713935,0.06102920819490309
1775,52128,13601,51203,925,0.9822552179251074,0
1776,52128,13600,13600,38528,0.2608962553713935,0.018486555232558294
1777,52128,6,6,52122,1.1510128913443831e-4,0.021599964186587654
1778,52128,13601,13601,38527,0.2609154389195826,0.026994056116489733
1779,52128,990,990,51138,0.01899171270718232,0.050806966769652406
1780,52128,16135,16135,35993,0.3095265500306937,0.06739273377230671
1781,52128,990,990,51138,0.01899171270718232,0.36329148578356313
1782,52128,13601,52128,0,1,NA
1783,52128,13601,52128,0,1,NA
1784,52128,990,990,51138,0.01899171270718232,0.06964977120732137
1785,52128,991,991,51137,0.019010896255371394,0.0717842918695599
1786,52128,13602,13602,38526,0.26093462246777166,0.2111820588692906
1787,52128,13601,52128,0,1,NA
1788,52128,5462,5462,46666,0.10478054020871701,0.4813975913941891
1789,52128,2928,2928,49200,0.056169429097605895,0.16646922183508653
1790,52128,33480,33480,18648,0.6422651933701657,0.22631917631915688
1791,52128,19052,19052,33076,0.3654849600982198,0.23950296287332332
1792,52128,13601,13601,38527,0.2609154389195826,0.2257089544706265
1793,52128,2928,52128,0,1,NA
1794,52128,990,52128,0,1,NA
1795,52128,2928,2928,49200,0.056169429097605895,0.2758130081300813
1796,52128,13602,52128,0,1,NA
1797,52128,2928,52128,0,1,NA
1798,52128,2928,52128,0,1,NA
1799,52128,990,990,51138,0.01899171270718232,0.21045797645583073
1800,52128,2928,2928,49200,0.056169429097605895,0.11648373983739838
1801,52128,13601,52128,0,1,NA
1802,52128,2928,52128,0,1,NA
1803,52128,2928,2928,49200,0.056169429097605895,0.021585365853658535
1804,52128,990,990,51138,0.01899171270718232,0.052100851291275965
1805,52128,990,990,51138,0.01899171270718232,0.12972088596867276
1806,52128,6,6,52122,1.1510128913443831e-4,0.16699762096616394
1807,52128,2928,2928,49200,0.056169429097605895,0.29240514905147413
1808,52128,13600,13600,38528,0.2608962553713935,0.25750103820599357
1809,52128,11351,52128,0,1,NA
1810,52128,17373,39089,13039,0.7498657151626765,0.4370205034763095
1811,52128,46542,50183,1945,0.9626879987722529,0.11321336760925313
1812,52128,51980,52115,13,0.999750613873542,0.3103448275862069
1813,52128,13607,13607,38521,0.261030540208717,0.0872355338646249
1814,52128,990,52128,0,1,NA
1815,52128,13600,52128,0,1,NA
1816,52128,2927,2927,49201,0.05615024554941682,0.036540585218455435
1817,52128,990,52128,0,1,NA
1818,52128,13601,13601,38527,0.2609154389195826,0.09771329197703048
1819,52128,13600,13600,38528,0.2608962553713935,0.23078886351051603
1820,52128,990,990,51138,0.01899171270718232,0.22212491316682423
1821,52128,2929,52128,0,1,NA
1822,52128,990,990,51138,0.01899171270718232,0.08305304600622364
1823,52128,13601,52128,0,1,NA
1824,52128,24756,48686,3442,0.9339702271332105,0.17746465233391678
1825,52128,14429,14429,37699,0.27679941682013504,0.4718346342754606
1826,52128,51966,51966,162,0.9968922651933702,0.16200554295792385
1827,52128,2928,6163,45965,0.11822820748925722,0.17689002501903622
1828,52128,5462,5462,46666,0.10478054020871701,0.186102658609394
1829,52128,2928,2928,49200,0.056169429097605895,0.19221883468833104
1830,52128,5387,26420,25708,0.50682934315531,0.19821456355999578
1831,52128,13600,52128,0,1,NA
1832,52128,13600,13600,38528,0.2608962553713935,0.01008573851052055
1833,52128,2928,2928,49200,0.056169429097605895,0.2118577235771841
1834,52128,376,26442,25686,0.5072513812154696,0.36702440585879786
1835,52128,2928,2928,49200,0.056169429097605895,0.032025129342197915
1836,52128,13600,13600,38528,0.2608962553713935,0.49925811531022407
1837,52128,11663,24328,27800,0.4666973603437692,0
1838,52128,21508,52128,0,1,NA
1839,52128,2928,2928,49200,0.056169429097605895,0.14565621370496046
1840,52128,13600,52128,0,1,NA
1841,52128,13600,13600,38528,0.2608962553713935,0.10370639534880652
1842,52128,13600,52128,0,1,NA
1843,52128,6,6,52122,1.1510128913443831e-4,0.05192305232595373
1844,52128,13613,52128,0,1,NA
1845,52128,13606,13606,38522,0.26101135666052794,0.15028208988801006
1846,52128,990,990,51138,0.01899171270718232,0.11051887609437522
1847,52128,13601,13601,38527,0.2609154389195826,0.059525354513285236
1848,52128,990,990,51138,0.01899171270718232,0.14715084672848663
1849,52128,2928,2928,49200,0.056169429097605895,0.030718157181570685
1850,52128,990,990,51138,0.01899171270718232,0.0034318901795142567
1851,52128,16820,31628,20500,0.6067372621240025,0.3141280487804878
1852,52128,11664,11664,40464,0.22375690607734808,0.11015552919468527
1853,52128,13602,13602,38526,0.26093462246777166,0.04603484559878258
1854,52128,17184,17184,34944,0.3296500920810313,0.06883012820512589
1855,52128,23917,35486,16642,0.6807473910374463,0.15705055982854693
1856,52128,13600,13600,38528,0.2608962553713935,0.015897529069767546
1857,52128,2928,2928,49200,0.056169429097605895,0.4138821138211382
1858,52128,376,26428,25700,0.5069828115408226,0.42783398184175375
1859,52128,6,26063,26065,0.4999808164518109,0.4614425474774593
1860,52128,13601,13601,38527,0.2609154389195826,0.0018688192696031355
1861,52128,678,678,51450,0.013006445672191528,0.19689774322430278
1862,52128,31674,33920,18208,0.6507059545733579,0.17409929701229185
1863,52128,13605,52128,0,1,NA
1864,52128,13604,13604,38524,0.26097298956414977,0.4284017755165611
1865,52128,16135,16135,35993,0.3095265500306937,0.04608303466414894
1866,52128,2928,2928,49200,0.056169429097605895,0.2654223125564797
1867,52128,2928,52128,0,1,NA
1868,52128,2928,52128,0,1,NA
1869,52128,990,990,51138,0.01899171270718232,0.08602539533549991
1870,52128,6,6,52122,1.1510128913443831e-4,0.11205121317934498
1871,52128,31855,42309,9819,0.8116367403314917,0.09640606081179368
1872,52128,2928,52128,0,1,NA
1873,52128,13601,13601,38527,0.2609154389195826,0.2010191986571928
1874,52128,2928,2928,49200,0.056169429097605895,0.04615853658536315
1875,52128,6,6,52122,1.1510128913443831e-4,0.3075457580292485
1876,52128,2928,52128,0,1,NA
1877,52128,990,990,51138,0.01899171270718232,0.002434588759826357
1878,52128,6,6,52122,1.1510128913443831e-4,0.04560085361856025
1879,52128,6,6,52122,1.1510128913443831e-4,0.18968190015731798
1880,52128,16136,16136,35992,0.30954573357888276,0.06990442320514056
1881,52128,6,6,52122,1.1510128913443831e-4,0.26244771881359513
1882,52128,13601,52102,26,0.999501227747084,0
1883,52128,2928,2928,49200,0.056169429097605895,0.39425474254742476
1884,52128,13601,13601,38527,0.2609154389195826,0.17581176837023385
1885,52128,372,26425,25703,0.5069252608962553,0.14050889001284325
1886,52128,2928,2928,49200,0.056169429097605895,0.21547425474251963
1887,52128,2928,2928,49200,0.056169429097605895,0.3439583333333333
1888,52128,6,6586,45542,0.12634284837323512,0.13884619325749822
1889,52128,13600,52128,0,1,NA
1890,52128,2928,52128,0,1,NA
1891,52128,2928,2928,49200,0.056169429097605895,0.1653252032520325
1892,52128,13601,13601,38527,0.2609154389195826,0.0019985983855477975
1893,52128,6,6,52122,1.1510128913443831e-4,0.15440568921629527
1894,52128,617,26671,25457,0.5116444137507673,0.23091880425816083
1895,52128,51929,51929,199,0.9961824739103745,0.2713567839195982
1896,52128,2927,2927,49201,0.05615024554941682,0.16803384755052847
1897,52128,28724,28724,23404,0.5510282381829343,0.2088337657898298
1898,52128,6,6,52122,1.1510128913443831e-4,0.16301897471317295
1899,52128,990,52128,0,1,NA
1900,52128,13601,13601,38527,0.2609154389195826,0.04400809821683495
1901,52128,6,6,52122,1.1510128913443831e-4,0.5482585728355603
1902,52128,2928,2928,49200,0.056169429097605895,0.12983401084014334
1903,52128,2928,52128,0,1,NA
1904,52128,2928,52128,0,1,NA
1905,52128,678,678,51450,0.013006445672191528,0.24072886297377083
1906,52128,2928,2928,49200,0.056169429097605895,0.07703590785907867
1907,52128,2928,2928,49200,0.056169429097605895,0.04617516629710636
1908,52128,16135,16135,35993,0.3095265500306937,0.5919993702479074
1909,52128,18198,23987,28141,0.4601557704112953,0.2885979454394068
1910,52128,51968,51968,160,0.9969306322897483,0.034374999999999815
1911,52128,11665,11665,40463,0.22377608962553713,0.11956849467412875
1912,52128,13607,13607,38521,0.261030540208717,0.18612358626896233
1913,52128,13603,13603,38525,0.2609538060159607,0.4191341429497436
1914,52128,2928,52128,0,1,NA
1915,52128,6,6,52122,1.1510128913443831e-4,0.1910581584231608
1916,52128,990,990,51138,0.01899171270718232,0.0025812507333098675
1917,52128,2928,2928,49200,0.056169429097605895,0.0017140921409214088
1918,52128,13526,37706,14422,0.7233348680171885,0.1475913534877271
1919,52128,51989,52128,0,1,NA
1920,52128,6,6,52122,1.1510128913443831e-4,0.024711254364757507
1921,52128,991,991,51137,0.019010896255371394,0.4003526474634035
1922,52128,2928,2928,49200,0.056169429097605895,0.13947779862404847
1923,52128,2929,2929,49199,0.056188612645794965,0.14710029675399908
1924,52128,2928,2928,49200,0.056169429097605895,0.21543089430897772
1925,52128,2928,2928,49200,0.056169429097605895,0.13327235772357723
1926,52128,2928,22438,29690,0.43044045426642114,0.5305153250251823
1927,52128,13601,13601,38527,0.2609154389195826,0.22031591120800398
1928,52128,13602,13602,38526,0.26093462246777166,0.16814618699060374
1929,52128,2928,2928,49200,0.056169429097605895,0.19527100271001813
1930,52128,16978,20837,31291,0.39972759361571514,0.18028408266815873
1931,52128,51978,51978,150,0.997122467771639,0.05093333333333317
1932,52128,10,10,52118,1.918354818907305e-4,0.1636053899667142
1933,52128,11,38133,13995,0.7315262430939227,0.4285673454805416
1934,52128,13606,13606,38522,0.26101135666052794,0.002024816987695343
1935,52128,990,990,51138,0.01899171270718232,0.11481677030779038
1936,52128,2928,2928,49200,0.056169429097605895,0.039874661246617295
1937,52128,13600,13600,38528,0.2608962553713935,0.08090652685494265
1938,52128,13602,13602,38526,0.26093462246777166,0.11532471577635325
1939,52128,990,990,51138,0.01899171270718232,0.10329076876947912
1940,52128,10,10,52118,1.918354818907305e-4,0.1394831600086762
1941,52128,13601,13601,38527,0.2609154389195826,0.3150284216263911
1942,52128,2928,2928,49200,0.056169429097605895,0.2266282746161869
1943,52128,2928,2928,49200,0.056169429097605895,0.33723915989172176
1944,52128,991,991,51137,0.019010896255371394,0.23183067055165535
1945,52128,990,990,51138,0.01899171270718232,0.09339434471430264
1946,52128,2928,52128,0,1,NA
1947,52128,2928,2928,49200,0.056169429097605895,0.3039634146342093
1948,52128,36857,36857,15271,0.7070480356046654,0.0537237007495445
1949,52128,51966,51966,162,0.9968922651933702,0.037037037037037056
1950,52128,990,990,51138,0.01899171270718232,0.4072705228988264
1951,52128,2929,52128,0,1,NA
1952,52128,7003,35146,16982,0.6742249846531615,0.15051230714873737
1953,52128,51966,52115,13,0.999750613873542,0.1
1954,52128,11664,11664,40464,0.22375690607734808,0.1313925135099576
1955,52128,2928,2928,49200,0.056169429097605895,0.004830623306233097
1956,52128,13600,52128,0,1,NA
1957,52128,13601,52128,0,1,NA
1958,52128,13600,52128,0,1,NA
1959,52128,13600,52128,0,1,NA
1960,52128,11,3249,48879,0.06232734806629834,0.38472350088999735
1961,52128,13607,52128,0,1,NA
1962,52128,2927,2927,49201,0.05615024554941682,0.06873674654310304
1963,52128,2928,52128,0,1,NA
1964,52128,990,52128,0,1,NA
1965,52128,990,990,51138,0.01899171270718232,0.31432594156986776
1966,52128,13602,13602,38526,0.26093462246777166,0.08555780511858613
1967,52128,11669,52128,0,1,NA
1968,52128,2941,2941,49187,0.05641881522406384,0.27253039178956934
1969,52128,2928,2928,49200,0.056169429097605895,0.10794037940378855
1970,52128,11664,11664,40464,0.22375690607734808,0.031031698958746037
1971,52128,16135,16135,35993,0.3095265500306937,0.015225182674408913
1972,52128,16142,16142,35986,0.3096608348680172,0.0028066470294003214
1973,52128,13600,13600,38528,0.2608962553713935,0.19825192068106642
1974,52128,10,10,52118,1.918354818907305e-4,0.5094620449202292
1975,52128,2928,2928,49200,0.056169429097605895,0.1413380758807514
1976,52128,13603,13603,38525,0.2609538060159607,0.19800995024876517
1977,52128,13601,13601,38527,0.2609154389195826,0.15315882368209308
1978,52128,990,52128,0,1,NA
1979,52128,13601,13601,38527,0.2609154389195826,0.34737543367873175
1980,52128,2927,2927,49201,0.05615024554941682,0.10284513187401151
1981,52128,2928,2928,49200,0.056169429097605895,0.21425067750673
1982,52128,2928,52128,0,1,NA
1983,52128,2928,2928,49200,0.056169429097605895,0.20431571815718327
1984,52128,991,52128,0,1,NA
1985,52128,2928,52128,0,1,NA
1986,52128,2928,52128,0,1,NA
1987,52128,30464,38031,14097,0.7295695211786372,0.4992812953857336
1988,52128,990,990,51138,0.01899171270718232,0.05538933865227407
1989,52128,990,990,51138,0.01899171270718232,0.1941087514828881
1990,52128,990,990,51138,0.01899171270718232,0.22732326533799097
1991,52128,47246,52077,51,0.9990216390423573,0.571895424836601
1992,52128,11663,52128,0,1,NA
1993,52128,2928,52128,0,1,NA
1994,52128,13602,13602,38526,0.26093462246777166,0.11457846649015663
1995,52128,9,9,52119,1.7265193370165745e-4,0.13106688539687816
1996,52128,5463,5463,46665,0.10479972375690608,0.421004591134301
1997,52128,13600,13600,38528,0.2608962553713935,0.2798743770764272
1998,52128,13602,52128,0,1,NA
1999,52128,2928,8561,43567,0.1642303560466544,0.22463102807170565
2000,52128,5462,40952,11176,0.7856046654389196,0.08091744213791062
2001,52128,2929,52128,0,1,NA
2002,52128,2928,52128,0,1,NA
2003,52128,2928,7599,44529,0.14577578268876612,0.24804060275326192
2004,52128,13613,13613,38515,0.26114564149785147,0.2550694534597006
2005,52128,5462,52128,0,1,NA
2006,52128,125,125,52003,0.0023979435236341313,0.4205430455935077
2007,52128,51966,51966,162,0.9968922651933702,0.3724279835390945
2008,52128,14861,52128,0,1,NA
2009,52128,5463,5463,46665,0.10479972375690608,0.3315624572798729
2010,52128,16135,18105,34023,0.34731813996316757,0.510086314160029
2011,52128,6508,23905,28223,0.4585827194597913,0.23449314388973783
2012,52128,13600,52128,0,1,NA
2013,52128,2928,2928,49200,0.056169429097605895,0.18675609756100928
2014,52128,2928,10648,41480,0.20426642111724985,0.4658911925425775
2015,52128,2928,2928,49200,0.056169429097605895,0.48925706033379446
2016,52128,13600,52128,0,1,NA
2017,52128,13600,13600,38528,0.2608962553713935,0.3316657149778512
2018,52128,13600,13600,38528,0.2608962553713935,0.07266576688815327
2019,52128,13605,13605,38523,0.26099217311233885,0.18702247142396708
2020,52128,13604,13604,38524,0.26097298956414977,0.33261083999582797
2021,52128,2928,2928,49200,0.056169429097605895,0.30831300813009327
2022,52128,13601,13601,38527,0.2609154389195826,0.16278627109992314
2023,52128,126,32598,19530,0.6253453038674033,0.24796893667861558
2024,52128,51966,52115,13,0.999750613873542,0.16666666666666666
2025,52128,2928,5406,46722,0.10370626151012892,0.45428991338889524
2026,52128,13601,13601,38527,0.2609154389195826,0.07484794213582074
2027,52128,13600,13600,38528,0.2608962553713935,0.10130294850500472
2028,52128,48501,49329,2799,0.9463052486187845,0.20998570918185067
2029,52128,51402,51570,558,0.9892955801104972,0.26825716845878134
2030,52128,48519,49046,3082,0.9408763044812769,0.23785575229442968
2031,52128,41103,42564,9564,0.8165285451197053,0.42544586843520416
2032,52128,10679,14450,37678,0.27720227133210557,0.09866942689813792
2033,52128,2928,2928,49200,0.056169429097605895,0.09730691056909635
2034,52128,13600,13600,38528,0.2608962553713935,0.09686461794018314
2035,52128,990,990,51138,0.01899171270718232,0.20405569244005034
2036,52128,13600,52128,0,1,NA
2037,52128,990,52128,0,1,NA
2038,52128,47250,52128,0,1,NA
2039,52128,991,52128,0,1,NA
2040,52128,2928,2928,49200,0.056169429097605895,0.09429369918699188
2041,52128,14162,31547,20581,0.6051833947206875,0.22944571314427353
2042,52128,13601,52128,0,1,NA
2043,52128,13600,13600,38528,0.2608962553713935,0.04697622508304915
2044,52128,990,990,51138,0.01899171270718232,0.020809704459826342
2045,52128,13601,13601,38527,0.2609154389195826,0.3826710272451104
2046,52128,5462,5462,46666,0.10478054020871701,0.048111401591451476
2047,52128,26319,37881,14247,0.7266919889502762,0.29761759631758333
2048,52128,39328,45313,6815,0.8692641190914672,0.3009923929412628
2049,52128,13600,13600,38528,0.2608962553713935,0.07803848283499996
2050,52128,13600,13600,38528,0.2608962553713935,0.36017312084719505
2051,52128,13603,13603,38525,0.2609538060159607,0.10579710144924306
2052,52128,2928,2928,49200,0.056169429097605895,0.37504742547424313
2053,52128,13601,13601,38527,0.2609154389195826,0.28649172441837606
2054,52128,11663,11663,40465,0.223737722529159,0.050035009679154877
2055,52128,990,990,51138,0.01899171270718232,0.047156713207400766
2056,52128,11663,52128,0,1,NA
2057,52128,13600,52128,0,1,NA
2058,52128,990,990,51138,0.01899171270718232,0.030526874991849293
2059,52128,4619,21924,30204,0.4205801104972376,0.415193351873916
2060,52128,51696,51845,283,0.9945710558624923,0.44876325088339225
2061,52128,990,990,51138,0.01899171270718232,0.19907570365153213
2062,52128,13601,13601,38527,0.2609154389195826,0.2161146728268487
2063,52128,11663,11663,40465,0.223737722529159,0.03831953540096455
2064,52128,13601,13601,38527,0.2609154389195826,0.0468221420475646
2065,52128,990,990,51138,0.01899171270718232,0.05384775835320793
2066,52128,2927,2927,49201,0.05615024554941682,0.1964695839515455
2067,52128,990,990,51138,0.01899171270718232,0.39700697831637055
2068,52128,990,990,51138,0.01899171270718232,0.31971658388417296
2069,52128,13601,13601,38527,0.2609154389195826,0.3286677741151612
2070,52128,6,6,52122,1.1510128913443831e-4,0.28544824322428597
2071,52128,5464,52128,0,1,NA
2072,52128,678,678,51450,0.013006445672191528,0.2879883381924198
2073,52128,2928,52128,0,1,NA
2074,52128,990,990,51138,0.01899171270718232,0.007587312761547217
2075,52128,13600,13600,38528,0.2608962553713935,0.3647542047342203
2076,52128,990,14457,37671,0.2773365561694291,0.5212055250281341
2077,52128,22738,38069,14059,0.730298496009822,0.4353439078170579
2078,52128,44328,45180,6948,0.8667127071823204,0.4104922279792688
2079,52128,2929,2929,49199,0.056188612645794965,0.2985562037168752
2080,52128,18488,18488,33640,0.3546654389195826,0.14745838287754545
2081,52128,375,26437,25691,0.5071554634745242,0.22692050970435937
2082,52128,2928,52128,0,1,NA
2083,52128,5462,52128,0,1,NA
2084,52128,990,990,51138,0.01899171270718232,0.46748829963363503
2085,52128,2931,52128,0,1,NA
2086,52128,378,26432,25696,0.5070595457335789,0.10924960218627391
2087,52128,13600,52128,0,1,NA
2088,52128,990,52128,0,1,NA
2089,52128,990,990,51138,0.01899171270718232,0.023951529847341817
2090,52128,990,990,51138,0.01899171270718232,0.0898125334063377
2091,52128,990,52128,0,1,NA
2092,52128,13607,13607,38521,0.261030540208717,0.05747947007264917
2093,52128,13603,13603,38525,0.2609538060159607,0.001972744970798183
2094,52128,990,990,51138,0.01899171270718232,0.08771168211503656
2095,52128,126,52128,0,1,NA
2096,52128,991,991,51137,0.019010896255371394,0.45068639145823963
2097,52128,990,52128,0,1,NA
2098,52128,21571,34579,17549,0.663347912829957,0.5310108440552496
2099,52128,42571,45873,6255,0.8800069060773481,0.35116135662898
2100,52128,43590,46412,5716,0.8903468385512584,0.4241252624212769
2101,52128,990,990,51138,0.01899171270718232,0.06856610218102209
2102,52128,6,6,52122,1.1510128913443831e-4,0.17912142025763492
2103,52128,16147,16147,35981,0.30975675260896257,0.209180616930533
2104,52128,20711,22446,29682,0.4305939226519337,0.6484644640597816
2105,52128,990,52128,0,1,NA
2106,52128,991,52128,0,1,NA
2107,52128,13602,13602,38526,0.26093462246777166,0.07244890896190957
2108,52128,990,52128,0,1,NA
2109,52128,11663,52128,0,1,NA
2110,52128,11352,52128,0,1,NA
2111,52128,990,990,51138,0.01899171270718232,0.23256352093025506
2112,52128,2928,5692,46436,0.1091927562922038,0.11444784219140322
2113,52128,10491,36449,15679,0.6992211479435236,0.46530390968811786
2114,52128,51966,52115,13,0.999750613873542,0.5
2115,52128,990,990,51138,0.01899171270718232,0.41287626944083905
2116,52128,992,992,51136,0.019030079803560467,0.28595640383807835
2117,52128,6,6,52122,1.1510128913443831e-4,0.058012398262200955
2118,52128,17348,17348,34780,0.3327961939840393,0.09656771132834963
2119,52128,51966,51966,162,0.9968922651933702,0.10262345679012345
2120,52128,11,24645,27483,0.47277854511970535,0.11960848524543638
2121,52128,13601,13601,38527,0.2609154389195826,0.02771649319524749
2122,52128,5462,5462,46666,0.10478054020871701,0.2365926656095162
2123,52128,990,52128,0,1,NA
2124,52128,13600,52128,0,1,NA
2125,52128,52128,52128,0,1,NA
2126,52128,2929,2929,49199,0.056188612645794965,0.2807916150057801
2127,52128,13601,52128,0,1,NA
2128,52128,128,128,52000,0.0024554941682013503,0.32075940170938844
2129,52128,52128,52128,0,1,NA
2130,52128,13606,52128,0,1,NA
2131,52128,990,990,51138,0.01899171270718232,0.14539090304662974
2132,52128,990,52128,0,1,NA
2133,52128,13600,13600,38528,0.2608962553713935,0.10057187846066287
2134,52128,2927,2927,49201,0.05615024554941682,0.48412803262807785
2135,52128,13612,52128,0,1,NA
2136,52128,990,52128,0,1,NA
2137,52128,13600,13600,38528,0.2608962553713935,0.033620570321149255
2138,52128,52128,52128,0,1,NA
2139,52128,9,24492,27636,0.46984346224677714,0.5752973990056317
2140,52128,2928,52128,0,1,NA
2141,52128,11675,11675,40453,0.22396792510742786,0.12051022173881222
2142,52128,13600,13600,38528,0.2608962553713935,0.08178900193797622
2143,52128,991,52128,0,1,NA
2144,52128,11663,11663,40465,0.223737722529159,0.1571934593681892
2145,52128,2928,2928,49200,0.056169429097605895,0.07884146341461248
2146,52128,990,990,51138,0.01899171270718232,0.11128532775836208
2147,52128,13600,52128,0,1,NA
2148,52128,131,131,51997,0.0025130448127685698,0.15011623266726926
2149,52128,51979,51979,149,0.9971416513198281,0.20658557046979867
2150,52128,13600,13600,38528,0.2608962553713935,0.005041787790697675
2151,52128,990,990,51138,0.01899171270718232,0.42705896156422685
2152,52128,31756,52128,0,1,NA
2153,52128,19314,52128,0,1,NA
2154,52128,31753,52128,0,1,NA
2155,52128,19310,52128,0,1,NA
2156,52128,2928,2928,49200,0.056169429097605895,0.13202574525744834
2157,52128,13602,13602,38526,0.26093462246777166,0.15109925764417986
2158,52128,13601,13601,38527,0.2609154389195826,0.36930233631258125
2159,52128,13601,13601,38527,0.2609154389195826,0.0183637449061697
2160,52128,13600,13600,38528,0.2608962553713935,0.0856346899224848
2161,52128,126,32582,19546,0.6250383670963782,0.32306497017174457
2162,52128,51970,52115,13,0.999750613873542,0.23255813953488372
2163,52128,13601,13601,38527,0.2609154389195826,0.2560854954279507
2164,52128,990,990,51138,0.01899171270718232,0.33199056148722605
2165,52128,51899,52089,39,0.9992518416206262,0
2166,52128,992,52128,0,1,NA
2167,52128,13603,13603,38525,0.2609538060159607,0.10127968851391177
2168,52128,2928,52128,0,1,NA
2169,52128,5462,5462,46666,0.10478054020871701,0.4121755310790241
2170,52128,10680,10680,41448,0.2048802946593002,0.09736778614168652
2171,52128,5462,5462,46666,0.10478054020871701,0.005714367348104913
2172,52128,33718,45283,6845,0.868688612645795,0.6421201607012418
2173,52128,24078,27541,24587,0.5283341006752609,0.2638182779517733
2174,52128,51976,51976,152,0.9970841006752609,0.07236842105263161
2175,52128,991,52128,0,1,NA
2176,52128,51899,52089,39,0.9992518416206262,0
2177,52128,13602,13602,38526,0.26093462246777166,0.5163266365571303
2178,52128,13601,13601,38527,0.2609154389195826,0.14380679638814442
2179,52128,13600,13600,38528,0.2608962553713935,0.23181192898671096
2180,52128,128,32597,19531,0.6253261203192142,0.1477906917208505
2181,52128,51979,52115,13,0.999750613873542,0.16666666666666666
2182,52128,2929,2929,49199,0.056188612645794965,0.2535146378313998
2183,52128,990,990,51138,0.01899171270718232,0.0854224516667271
2184,52128,990,52128,0,1,NA
2185,52128,11664,52128,0,1,NA
2186,52128,18291,29806,22322,0.5717848373235114,0.3089643020081197
2187,52128,34019,39995,12133,0.7672460098219767,0.24862657272699276
2188,52128,125,32596,19532,0.6253069367710252,0.444682851451198
2189,52128,51967,52115,13,0.999750613873542,0.2727272727272726
2190,52128,21764,36710,15418,0.7042280540208717,0.2630320775346115
2191,52128,2928,2928,49200,0.056169429097605895,0.030965447154471543
2192,52128,991,4284,47844,0.08218232044198895,0.5354868600730127
2193,52128,19312,52115,13,0.999750613873542,0
2194,52128,2928,8660,43468,0.16612952731737263,0.42718781632467673
2195,52128,2928,2928,49200,0.056169429097605895,0.17668021680219081
2196,52128,2928,52128,0,1,NA
2197,52128,2928,8921,43207,0.17113643339472068,0.5075624320133312
2198,52128,13600,52128,0,1,NA
2199,52128,6,6,52122,1.1510128913443831e-4,0.1264149495414756
2200,52128,2928,2928,49200,0.056169429097605895,0.31428184281841304
2201,52128,2927,2927,49201,0.05615024554941682,0.2548068128696706
2202,52128,13600,52128,0,1,NA
2203,52128,2929,2929,49199,0.056188612645794965,0.10382832984412449
2204,52128,2928,2928,49200,0.056169429097605895,0.3828902439024718
2205,52128,10682,13780,38348,0.2643492940454266,0.6582503216161155
2206,52128,13603,13603,38525,0.2609538060159607,0.15027038719446292
2207,52128,2929,2929,49199,0.056188612645794965,0.07113288210464794
2208,52128,2928,2928,49200,0.056169429097605895,0.3696951219511877
2209,52128,13601,13601,38527,0.2609154389195826,0.0019726425623588653
2210,52128,13601,16365,35763,0.3139387661141805,0
2211,52128,13600,13600,38528,0.2608962553713935,0.21770530523255813
2212,52128,10,10,52118,1.918354818907305e-4,0.2700037521692336
2213,52128,2928,2928,49200,0.056169429097605895,0.48896680216797983
2214,52128,13605,13605,38523,0.26099217311233885,0.0961157403801885
2215,52128,990,990,51138,0.01899171270718232,0.03271539755172664
2216,52128,11663,11663,40465,0.223737722529159,0.26237695127477634
2217,52128,991,991,51137,0.019010896255371394,0.05966325752390076
2218,52128,13602,13602,38526,0.26093462246777166,0.07449082005226196
2219,52128,2928,8920,43208,0.17111724984653162,0.2820773930753564
2220,52128,2929,2929,49199,0.056188612645794965,0.20088314803149368
2221,52128,990,990,51138,0.01899171270718232,0.1498363904206815
2222,52128,6,6,52122,1.1510128913443831e-4,0.35018993898934603
2223,52128,28004,45974,6154,0.8819444444444444,0.19424797885207107
2224,52128,21678,21678,30450,0.4158609576427256,0.22495894909688013
2225,52128,990,52128,0,1,NA
2226,52128,2927,2927,49201,0.05615024554941682,0.24640759334163276
2227,52128,13600,13600,38528,0.2608962553713935,0.10012198920263063
2228,52128,12722,12722,39406,0.24405310006138736,0.09641678932141927
2229,52128,51981,51981,147,0.9971800184162063,0.07329931972789104
2230,52128,990,990,51138,0.01899171270718232,0.21791036020178628
2231,52128,990,990,51138,0.01899171270718232,0.15361049187169376
2232,52128,2928,2928,49200,0.056169429097605895,0.25379790940778596
2233,52128,2928,52128,0,1,NA
2234,52128,13600,52128,0,1,NA
2235,52128,990,990,51138,0.01899171270718232,0.2384788871941983
2236,52128,11663,11663,40465,0.223737722529159,0.10626879196012319
2237,52128,990,990,51138,0.01899171270718232,0.030600205978594388
2238,52128,990,990,51138,0.01899171270718232,0.0668077880767112
2239,52128,13601,52128,0,1,NA
2240,52128,990,52128,0,1,NA
2241,52128,13607,13607,38521,0.261030540208717,0.20972110450578957
2242,52128,11663,52128,0,1,NA
2243,52128,13600,13600,38528,0.2608962553713935,0.004650297619047638
2244,52128,678,678,51450,0.013006445672191528,0.5233411078717343
2245,52128,13601,52128,0,1,NA
2246,52128,13600,52128,0,1,NA
2247,52128,990,7583,44545,0.14546884591774095,0.19936019755303624
2248,52128,990,990,51138,0.01899171270718232,0.2667800852594901
2249,52128,991,991,51137,0.019010896255371394,0.1386634595954537
2250,52128,990,4287,47841,0.08223987108655617,0.09457369202148784
2251,52128,990,990,51138,0.01899171270718232,0.011328822662859846
2252,52128,990,990,51138,0.01899171270718232,0.09916956731458984
2253,52128,2928,52128,0,1,NA
2254,52128,992,992,51136,0.019030079803560467,0.19389797142261636
2255,52128,367,28054,24074,0.5381752608962553,0.5353447241375738
2256,52128,16140,16140,35988,0.30962246777163904,0.4144853840168645
2257,52128,2928,2928,49200,0.056169429097605895,0.12736643437855263
2258,52128,990,990,51138,0.01899171270718232,0.3628504134781619
2259,52128,16135,52128,0,1,NA
2260,52128,679,679,51449,0.013025629220380601,0.039456549204065106
2261,52128,2928,52128,0,1,NA
2262,52128,990,990,51138,0.01899171270718232,0.2066662755680707
2263,52128,2930,52128,0,1,NA
2264,52128,990,990,51138,0.01899171270718232,0.17208338222071864
2265,52128,11663,11663,40465,0.223737722529159,0.21297623460613324
2266,52128,990,52128,0,1,NA
2267,52128,11665,11665,40463,0.22377608962553713,0.08598225539382053
2268,52128,990,990,51138,0.01899171270718232,0.47388113210006333
2269,52128,2928,52128,0,1,NA
2270,52128,990,990,51138,0.01899171270718232,0.19752760504252861
2271,52128,13601,52128,0,1,NA
2272,52128,990,990,51138,0.01899171270718232,0.01071936068416185
2273,52128,2927,2927,49201,0.05615024554941682,0.0991321314607241
2274,52128,992,992,51136,0.019030079803560467,0.07329800271171244
2275,52128,6,24496,27632,0.4699201964395335,0.10350921636748626
2276,52128,13600,13600,38528,0.2608962553713935,0.015341656284606995
2277,52128,22719,22719,29409,0.43583103130755063,0.11711628165771197
2278,52128,13602,52128,0,1,NA
2279,52128,990,52128,0,1,NA
2280,52128,13601,13601,38527,0.2609154389195826,0.31117787525631374
2281,52128,990,990,51138,0.01899171270718232,0.32145371348116425
2282,52128,13601,13601,38527,0.2609154389195826,0.12297436429862985
2283,52128,5463,52128,0,1,NA
2284,52128,13601,52128,0,1,NA
2285,52128,7284,38929,13199,0.7467963474524248,0.33695734525343224
2286,52128,51979,52128,0,1,NA
2287,52128,13600,52128,0,1,NA
2288,52128,990,990,51138,0.01899171270718232,0.09545576023048688
2289,52128,990,52128,0,1,NA
2290,52128,13601,52102,26,0.999501227747084,0
2291,52128,52128,52128,0,1,NA
2292,52128,6,6,52122,1.1510128913443831e-4,0.09991393817802643
2293,52128,2928,2928,49200,0.056169429097605895,0.1807418699186763
2294,52128,13605,13605,38523,0.26099217311233885,0.05181969213196799
2295,52128,10673,14869,37259,0.2852401780233272,0.30581067661504524
2296,52128,20410,52102,26,0.999501227747084,0
2297,52128,17347,17347,34781,0.33277701043585023,0.059885425950950234
2298,52128,51966,51966,162,0.9968922651933702,0.06635802469135803
2299,52128,990,990,51138,0.01899171270718232,0.3484981813915288
2300,52128,20427,31297,20831,0.6003875076734193,0.6849087097754857
2301,52128,636,26682,25446,0.5118554327808471,0.27301512446526
2302,52128,125,125,52003,0.0023979435236341313,0.09073952027240022
2303,52128,51968,51968,160,0.9969306322897483,0.06079545454545461
2304,52128,13600,37037,15091,0.7105010742786986,0.45436205538256186
2305,52128,13601,13601,38527,0.2609154389195826,0.07701092740155373
2306,52128,990,52128,0,1,NA
2307,52128,2928,37037,15091,0.7105010742786986,0.5603803591544692
2308,52128,13602,37026,15102,0.7102900552486188,0.4415375446960438
2309,52128,2928,52128,0,1,NA
2310,52128,991,991,51137,0.019010896255371394,0.16490668856863988
2311,52128,13600,52128,0,1,NA
2312,52128,13601,13601,38527,0.2609154389195826,0.38641299175466937
2313,52128,2928,2928,49200,0.056169429097605895,0.03800813008130585
2314,52128,18402,39453,12675,0.7568485267034991,0.3528511943896514
2315,52128,51994,52128,0,1,NA
2316,52128,990,52128,0,1,NA
2317,52128,11664,11664,40464,0.22375690607734808,0.2979356135494996
2318,52128,2929,2929,49199,0.056188612645794965,0.24765950527456282
2319,52128,992,52128,0,1,NA
2320,52128,13600,52128,0,1,NA
2321,52128,2929,52128,0,1,NA
2322,52128,11664,11664,40464,0.22375690607734808,0.10258913272700218
2323,52128,13600,13600,38528,0.2608962553713935,0.32545594545956885
2324,52128,13603,13603,38525,0.2609538060159607,0.18806186459009536
2325,52128,50957,50957,1171,0.9775360650705954,0.11652433817250071
2326,52128,11600,15145,36983,0.2905348373235114,0.258904992383877
2327,52128,991,991,51137,0.019010896255371394,0.4270065379926815
2328,52128,13602,13602,38526,0.26093462246777166,0.2667938535014877
2329,52128,13600,13600,38528,0.2608962553713935,0.2995457848837469
2330,52128,991,52128,0,1,NA
2331,52128,23387,38242,13886,0.7336172498465316,0.27933890249171933
2332,52128,51339,51719,409,0.9921539287906691,0.03557457212713939
2333,52128,13600,52128,0,1,NA
2334,52128,51983,51983,145,0.9972183855125845,0.32743628185906976
2335,52128,31684,31684,20444,0.6078115408225906,0.06603404421834484
2336,52128,126,126,52002,0.0024171270718232043,0.06949595345233417
2337,52128,52128,52128,0,1,NA
2338,52128,13600,52128,0,1,NA
2339,52128,13600,13600,38528,0.2608962553713935,0.03823193521594268
2340,52128,13614,52128,0,1,NA
2341,52128,2927,52128,0,1,NA
2342,52128,990,52128,0,1,NA
2343,52128,13600,52128,0,1,NA
2344,52128,990,52128,0,1,NA
2345,52128,20822,36608,15520,0.7022713321055862,0.057953894616260014
2346,52128,13601,13601,38527,0.2609154389195826,0.12327718223584153
2347,52128,990,990,51138,0.01899171270718232,0.022928155187922874
2348,52128,678,678,51450,0.013006445672191528,0.0517654680919958
2349,52128,12775,30875,21253,0.5922920503376304,0.42688091093022673
2350,52128,13600,52128,0,1,NA
2351,52128,678,52128,0,1,NA
2352,52128,11664,52128,0,1,NA
2353,52128,679,52128,0,1,NA
2354,52128,990,52128,0,1,NA
2355,52128,2928,2928,49200,0.056169429097605895,0.016778455284552844
2356,52128,11663,11663,40465,0.223737722529159,0.1290621524774536
2357,52128,13601,52102,26,0.999501227747084,0
2358,52128,2928,2928,49200,0.056169429097605895,0.26367886178868344
2359,52128,2929,52128,0,1,NA
2360,52128,16,52128,0,1,NA
2361,52128,13602,13602,38526,0.26093462246777166,0.15976223848829366
2362,52128,13604,13604,38524,0.26097298956414977,0.3958460032336062
2363,52128,2928,52128,0,1,NA
2364,52128,2930,52128,0,1,NA
2365,52128,126,52128,0,1,NA
2366,52128,51967,52128,0,1,NA
2367,52128,2928,52128,0,1,NA
2368,52128,10798,52128,0,1,NA
2369,52128,2929,52128,0,1,NA
2370,52128,7348,22664,29464,0.4347759361571516,0.401163284007604
2371,52128,51673,51793,335,0.9935735113566605,0.48970149253731315
2372,52128,13600,52128,0,1,NA
2373,52128,2928,52128,0,1,NA
2374,52128,13600,52128,0,1,NA
2375,52128,13601,52128,0,1,NA
2376,52128,13600,52128,0,1,NA
2377,52128,13601,13601,38527,0.2609154389195826,0.0019726425623588653
2378,52128,2928,52128,0,1,NA
2379,52128,13602,13602,38526,0.26093462246777166,0.24680302479711513
2380,52128,2928,52128,0,1,NA
2381,52128,13601,13601,38527,0.2609154389195826,0.2748116039833622
2382,52128,13601,52128,0,1,NA
2383,52128,13601,13601,38527,0.2609154389195826,0.056337114231577855
2384,52128,374,26435,25693,0.5071170963781461,0.11020511423346067
2385,52128,13601,52128,0,1,NA
2386,52128,13600,52128,0,1,NA
2387,52128,41902,41902,10226,0.803829036218539,0.17494168821667258
2388,52128,1275,33027,19101,0.6335750460405156,0.3930748550870303
2389,52128,2128,33349,18779,0.6397521485573971,0.36122106450665376
2390,52128,51994,52128,0,1,NA
2391,52128,51979,52115,13,0.999750613873542,0.16666666666666666
2392,52128,990,52128,0,1,NA
2393,52128,11663,11663,40465,0.223737722529159,0.2201964660818095
2394,52128,2928,2928,49200,0.056169429097605895,0.2595765582655768
2395,52128,13600,13600,38528,0.2608962553713935,0.007017160061699341
2396,52128,2928,2928,49200,0.056169429097605895,0.12038956639566709
2397,52128,13600,13600,38528,0.2608962553713935,0.19828923120847175
2398,52128,2941,2941,49187,0.05641881522406384,0.1505303826424165
2399,52128,990,52128,0,1,NA
2400,52128,2928,2928,49200,0.056169429097605895,0.12686053783612275
2401,52128,374,26421,25707,0.5068485267034991,0.10819361782135943
2402,52128,990,990,51138,0.01899171270718232,0.15317376510619368
2403,52128,990,52128,0,1,NA
2404,52128,2928,52128,0,1,NA
2405,52128,2928,52128,0,1,NA
2406,52128,991,52128,0,1,NA
2407,52128,990,990,51138,0.01899171270718232,0.09787894194792762
2408,52128,10799,10799,41329,0.20716313689379987,0.08846391153911297
2409,52128,126,32581,19547,0.6250191835481891,0.3990747575440784
2410,52128,51971,52115,13,0.999750613873542,0.4523809523809525
2411,52128,2928,2928,49200,0.056169429097605895,0.21751580849157406
2412,52128,2928,52115,13,0.999750613873542,0
2413,52128,2928,2928,49200,0.056169429097605895,0.09393970189701878
2414,52128,14498,27164,24964,0.5211019030079803,0.11170547126319966
2415,52128,2928,2928,49200,0.056169429097605895,0.3342615176154126
2416,52128,6,6,52122,1.1510128913443831e-4,0.17848797053067764
2417,52128,990,990,51138,0.01899171270718232,0.2190738785247799
2418,52128,13601,52128,0,1,NA
2419,52128,2928,2928,49200,0.056169429097605895,0.41238482384822894
2420,52128,2928,2928,49200,0.056169429097605895,0.33270663956640356
2421,52128,6,6,52122,1.1510128913443831e-4,0.37044604752099586
2422,52128,38518,47009,5119,0.9017994168201351,0.16162010809402458
2423,52128,10794,10794,41334,0.2070672191528545,0.006096675860066773
2424,52128,990,52128,0,1,NA
2425,52128,18491,18491,33637,0.35472298956414977,0.04117489669114368
2426,52128,2928,52128,0,1,NA
2427,52128,990,990,51138,0.01899171270718232,0.1705906892461156
2428,52128,2929,2929,49199,0.056188612645794965,0.14386998230167888
2429,52128,2928,2928,49200,0.056169429097605895,0.44146341463439026
2430,52128,2928,2928,49200,0.056169429097605895,0.07924119241192754
2431,52128,2928,2928,49200,0.056169429097605895,0.030772357723577237
2432,52128,2928,2928,49200,0.056169429097605895,0.26145325203252034
2433,52128,2928,2928,49200,0.056169429097605895,0.0362127371273707
2434,52128,2930,52128,0,1,NA
2435,52128,2928,2928,49200,0.056169429097605895,0.11381097560980545
2436,52128,13601,13601,38527,0.2609154389195826,0.13667903894238814
2437,52128,2928,52128,0,1,NA
2438,52128,13601,52128,0,1,NA
2439,52128,2928,52128,0,1,NA
2440,52128,13600,13600,38528,0.2608962553713935,0.3757786544850498
2441,52128,13601,18596,33532,0.3567372621240025,0.5985078929579885
2442,52128,13600,19541,32587,0.37486571516267647,0.5470637575311257
2443,52128,13603,52128,0,1,NA
2444,52128,991,52128,0,1,NA
2445,52128,13601,38157,13971,0.7319866482504604,0.27252369704593177
2446,52128,1391,26335,25793,0.5051987415592388,0.16778971038652787
2447,52128,22715,29745,22383,0.570614640883978,0.5869018898271009
2448,52128,990,52128,0,1,NA
2449,52128,1391,28025,24103,0.5376189379987723,0.079649836119995
2450,52128,2928,2928,49200,0.056169429097605895,0.3340243902441332
2451,52128,2927,2927,49201,0.05615024554941682,0.11140356225823891
2452,52128,13602,13602,38526,0.26093462246777166,0.1235129090311208
2453,52128,2928,52128,0,1,NA
2454,52128,13601,52128,0,1,NA
2455,52128,990,52128,0,1,NA
2456,52128,374,26436,25692,0.5071362799263351,0.19668033283170255
2457,52128,13602,52102,26,0.999501227747084,0
2458,52128,2928,2928,49200,0.056169429097605895,0.12484365228264267
2459,52128,2929,2929,49199,0.056188612645794965,0.09299985772068538
2460,52128,990,52128,0,1,NA
2461,52128,2928,2928,49200,0.056169429097605895,0.30783197831983594
2462,52128,2928,52128,0,1,NA
2463,52128,13600,13600,38528,0.2608962553713935,0.1779658084163844
2464,52128,2941,52128,0,1,NA
2465,52128,13601,17600,34528,0.3376304481276857,0.31687326228002155
2466,52128,2928,2928,49200,0.056169429097605895,0.2312771002709926
2467,52128,2928,2928,49200,0.056169429097605895,0.18719893292682926
2468,52128,990,52128,0,1,NA
2469,52128,13600,52128,0,1,NA
2470,52128,2928,2928,49200,0.056169429097605895,0.07858304297329029
2471,52128,5462,52128,0,1,NA
2472,52128,16136,52128,0,1,NA
2473,52128,13601,15545,36583,0.2982082565991406,0.43073285405789574
2474,52128,2928,2928,49200,0.056169429097605895,0.08890389082465495
2475,52128,13600,13600,38528,0.2608962553713935,0.1350943902270097
2476,52128,2928,8628,43500,0.1655156537753223,0.24285057471264368
2477,52128,377,26432,25696,0.5070595457335789,0.34396241957244217
2478,52128,2928,2928,49200,0.056169429097605895,0.420449864498714
2479,52128,2928,2928,49200,0.056169429097605895,0.2466937669376782
2480,52128,2928,2928,49200,0.056169429097605895,0.04778455284552831
2481,52128,2928,2928,49200,0.056169429097605895,0.31689024390243903
2482,52128,13601,13601,38527,0.2609154389195826,0.022503698704804422
2483,52128,2928,52128,0,1,NA
2484,52128,990,990,51138,0.01899171270718232,0.3232918768823523
2485,52128,5462,14816,37312,0.2842234499693063,0.3477790880503155
2486,52128,990,52128,0,1,NA
2487,52128,2928,2928,49200,0.056169429097605895,0.1537059620596152
2488,52128,2928,18459,33669,0.35410911602209943,0.3655885235676735
2489,52128,13601,52128,0,1,NA
2490,52128,990,52128,0,1,NA
2491,52128,13601,52128,0,1,NA
2492,52128,6,6,52122,1.1510128913443831e-4,0.06038397093997731
2493,52128,2928,52128,0,1,NA
2494,52128,679,52128,0,1,NA
2495,52128,2928,2928,49200,0.056169429097605895,0.07409891598916678
2496,52128,5462,52128,0,1,NA
2497,52128,2929,52128,0,1,NA
2498,52128,10,10,52118,1.918354818907305e-4,0.40626878749503004
2499,52128,13601,52128,0,1,NA
2500,52128,13600,13600,38528,0.2608962553713935,0.11001955287928118
2501,52128,2929,2929,49199,0.056188612645794965,0.21149384569375212
2502,52128,678,678,51450,0.013006445672191528,0.12905409782963984
2503,52128,13558,13558,38570,0.26009054634745243,0.44492481203007517
2504,52128,40597,40597,11531,0.7787945058317987,0.5125747983696124
2505,52128,40603,52128,0,1,NA
2506,52128,13557,52128,0,1,NA
2507,52128,13601,13601,38527,0.2609154389195826,0.4861395904171101
2508,52128,990,52128,0,1,NA
2509,52128,13600,52128,0,1,NA
2510,52128,678,52128,0,1,NA
2511,52128,678,52128,0,1,NA
2512,52128,6,6,52122,1.1510128913443831e-4,0.11431513244568718
2513,52128,2928,2928,49200,0.056169429097605895,0.330020325203367
2514,52128,678,52128,0,1,NA
2515,52128,13601,13601,38527,0.2609154389195826,0.17448802138764744
2516,52128,678,52128,0,1,NA
2517,52128,991,52128,0,1,NA
2518,52128,14458,31843,20285,0.6108617249846532,0.6972751921482789
2519,52128,2928,52128,0,1,NA
2520,52128,678,52128,0,1,NA
2521,52128,2928,2928,49200,0.056169429097605895,0.4252581300813125
2522,52128,11351,52128,0,1,NA
2523,52128,13601,13601,38527,0.2609154389195826,0.33444078178953734
2524,52128,2928,52128,0,1,NA
2525,52128,371,26431,25697,0.5070403621853898,0.15220324032636193
2526,52128,13601,13601,38527,0.2609154389195826,0.12665143925037325
2527,52128,2928,52128,0,1,NA
2528,52128,13601,13601,38527,0.2609154389195826,0.20069475086737074
2529,52128,13601,13601,38527,0.2609154389195826,0.401056402003793
2530,52128,2928,52128,0,1,NA
2531,52128,13600,13600,38528,0.2608962553713935,0.3043933416389699
2532,52128,2928,2928,49200,0.056169429097605895,0.03413956639566223
2533,52128,13607,52128,0,1,NA
2534,52128,2927,2927,49201,0.05615024554941682,0.2021266505423271
2535,52128,2927,2927,49201,0.05615024554941682,0.301579236194283
2536,52128,20540,42952,9176,0.8239717618170657,0.06631974716652245
2537,52128,13600,52128,0,1,NA
2538,52128,2927,2927,49201,0.05615024554941682,0.06433947819487207
2539,52128,991,991,51137,0.019010896255371394,0.05060328138136753
2540,52128,13600,52128,0,1,NA
2541,52128,2941,52128,0,1,NA
2542,52128,13600,52128,0,1,NA
2543,52128,15330,15330,36798,0.29408379373848986,0.1694521441382684
2544,52128,51966,51966,162,0.9968922651933702,0.17978395061728394
2545,52128,990,52128,0,1,NA
2546,52128,990,52128,0,1,NA
2547,52128,2941,2941,49187,0.05641881522406384,0.42110529713135586
2548,52128,13600,13600,38528,0.2608962553713935,0.025295456118494323
2549,52128,13606,13606,38522,0.26101135666052794,0.06188022428741792
2550,52128,13600,13600,38528,0.2608962553713935,0.08081352090254937
2551,52128,13602,13602,38526,0.26093462246777166,0.30154527678278104
2552,52128,2928,2928,49200,0.056169429097605895,0.10354336043360875
2553,52128,1239,1239,50889,0.02376841620626151,0.1310008056751295
2554,52128,2928,52128,0,1,NA
2555,52128,13607,52128,0,1,NA
2556,52128,13602,52128,0,1,NA
2557,52128,2930,2930,49198,0.05620779619398404,0.4535567163976712
2558,52128,11664,52128,0,1,NA
2559,52128,13601,13601,38527,0.2609154389195826,0.02173583893546615
2560,52128,2928,2928,49200,0.056169429097605895,0.2694365853658657
2561,52128,13600,13600,38528,0.2608962553713935,0.06562759551496028
2562,52128,13600,13600,38528,0.2608962553713935,0.023582416251385595
2563,52128,6,6,52122,1.1510128913443831e-4,0.10550673846406368
2564,52128,5462,5462,46666,0.10478054020871701,0.29128808982985765
2565,52128,376,26441,25687,0.5072321976672806,0.14142043316336358
2566,52128,990,52128,0,1,NA
2567,52128,11,3480,48648,0.06675874769797421,0.10712670613385956
2568,52128,6,2662,49466,0.05106660527931246,0.12080856884862501
2569,52128,375,26445,25683,0.5073089318600368,0.11055518782421817
2570,52128,13600,13600,38528,0.2608962553713935,0.2955231692967996
2571,52128,125,32603,19525,0.6254412216083487,0.20834827144685836
2572,52128,51966,52115,13,0.999750613873542,0.06666666666666667
2573,52128,992,52128,0,1,NA
2574,52128,2928,2928,49200,0.056169429097605895,0.5349638663053187
2575,52128,40897,40897,11231,0.7845495702885206,0.02592823435134856
2576,52128,13600,13600,38528,0.2608962553713935,0.08649986157256456
2577,52128,13602,13602,38526,0.26093462246777166,0.12256657841455004
2578,52128,13600,13600,38528,0.2608962553713935,0.42045926457267907
2579,52128,2928,2928,49200,0.056169429097605895,0.4596723770809433
2580,52128,2928,52128,0,1,NA
2581,52128,6,6,52122,1.1510128913443831e-4,0.5333375968348141
2582,52128,11664,11664,40464,0.22375690607734808,0.22496128245683417
2583,52128,11663,52128,0,1,NA
2584,52128,2941,2941,49187,0.05641881522406384,0.31910562719518787
2585,52128,16,16,52112,3.069367710251688e-4,0.22526946623124644
2586,52128,13600,52128,0,1,NA
2587,52128,13600,52128,0,1,NA
2588,52128,6,6,52122,1.1510128913443831e-4,0.23043500505225992
2589,52128,127,127,52001,0.0024363106200122773,0.21407537034544535
2590,52128,51966,51966,162,0.9968922651933702,0.22551440329218075
2591,52128,990,52128,0,1,NA
2592,52128,487,21563,30565,0.4136548496009822,0.20166411373675056
2593,52128,990,52128,0,1,NA
2594,52128,5462,5462,46666,0.10478054020871701,0.04525064643781139
2595,52128,990,990,51138,0.01899171270718232,0.28437952207757566
2596,52128,990,990,51138,0.01899171270718232,0.0583959091086863
2597,52128,990,52128,0,1,NA
2598,52128,2928,2928,49200,0.056169429097605895,0.33978803716611333
2599,52128,20563,42968,9160,0.8242786985880909,0.048620815138283806
2600,52128,2928,2928,49200,0.056169429097605895,0.22060975609756098
2601,52128,13602,13602,38526,0.26093462246777166,0.08492244775538677
2602,52128,13600,13600,38528,0.2608962553713935,0.014660333610187488
2603,52128,990,990,51138,0.01899171270718232,0.11442567171186026
2604,52128,13600,13600,38528,0.2608962553713935,0.18647909745295688
2605,52128,22048,28205,23923,0.5410719766728054,0.7906148894367584
2606,52128,13600,13600,38528,0.2608962553713935,0.09822942621818119
2607,52128,6,3527,48601,0.06766037446286065,0.02042139050636641
2608,52128,10680,14849,37279,0.28485650705954574,0.7319616942514442
2609,52128,15857,31889,20239,0.6117441682013505,0.24433519442660442
2610,52128,2928,2928,49200,0.056169429097605895,0.024657859078590715
2611,52128,42008,52035,93,0.9982159300184162,0.33118279569892456
2612,52128,15858,32817,19311,0.6295465009208103,0.41417844751694083
2613,52128,15857,32367,19761,0.6209139042357275,0.5148597164689284
2614,52128,15856,33562,18566,0.6438382443216697,0.3521760206829689
2615,52128,11663,52128,0,1,NA
2616,52128,2928,52128,0,1,NA
2617,52128,17119,32824,19304,0.6296807857581338,0.3015737125657136
2618,52128,15602,15602,36526,0.2993017188459177,0.25606345299815864
2619,52128,52044,52044,84,0.9983885819521179,0.24053724053724043
2620,52128,11663,52128,0,1,NA
2621,52128,373,32727,19401,0.6278199815837937,0.13222686115835924
2622,52128,2929,2929,49199,0.056188612645794965,0.3277989583605624
2623,52128,990,990,51138,0.01899171270718232,0.4196892613016396
2624,52128,2929,2929,49199,0.056188612645794965,0.08731376653997032
2625,52128,373,26429,25699,0.5070019950890117,0.19483248375423348
2626,52128,991,991,51137,0.019010896255371394,0.40431259818396226
2627,52128,125,32594,19534,0.6252685696746471,0.4161398075150988
2628,52128,51974,52115,13,0.999750613873542,0.25
2629,52128,13600,13600,38528,0.2608962553713935,0.1524427040074751
2630,52128,2928,2928,49200,0.056169429097605895,0.15800542005412732
2631,52128,990,990,51138,0.01899171270718232,0.14107252271632503
2632,52128,990,990,51138,0.01899171270718232,0.08415789953980794
2633,52128,13600,52128,0,1,NA
2634,52128,13601,13601,38527,0.2609154389195826,0.3171455516044951
2635,52128,13603,52128,0,1,NA
2636,52128,990,990,51138,0.01899171270718232,0.11793578161056995
2637,52128,13601,13601,38527,0.2609154389195826,0.3651097498723795
2638,52128,30218,52115,13,0.999750613873542,0
2639,52128,128,32594,19534,0.6252685696746471,0.3699819429060814
2640,52128,51966,52115,13,0.999750613873542,0.2727272727272726
2641,52128,990,52128,0,1,NA
2642,52128,2927,52128,0,1,NA
2643,52128,11663,52128,0,1,NA
2644,52128,17140,22204,29924,0.425951503990178,0.18404402263512454
2645,52128,11669,52128,0,1,NA
2646,52128,6,26052,26076,0.4997697974217311,0.08126672461694234
2647,52128,11663,52128,0,1,NA
2648,52128,2929,42678,9450,0.8187154696132597,0.38747795414461894
2649,52128,2928,37029,15099,0.710347605893186,0.4293882597081232
2650,52128,11,32584,19544,0.6250767341927563,0.09590228641599574
2651,52128,6,32580,19548,0.625,0.10294691272764477
2652,52128,9,24514,27614,0.47026550030693676,0.15641824195460124
2653,52128,10682,33126,19002,0.6354742173112339,0.3225252604988971
2654,52128,29659,38248,13880,0.733732351135666,0.18465417867435371
2655,52128,13602,13602,38526,0.26093462246777166,0.21636470608593678
2656,52128,13600,13600,38528,0.2608962553713935,0.008348906423034284
2657,52128,13600,13600,38528,0.2608962553713935,0.10510537790697118
2658,52128,2928,2928,49200,0.056169429097605895,0.27431792399321514
2659,52128,990,52128,0,1,NA
2660,52128,13602,13602,38526,0.26093462246777166,0.05786444775698933
2661,52128,13607,13607,38521,0.261030540208717,0.06345889255211443
2662,52128,2928,2928,49200,0.056169429097605895,0.046253387533874105
2663,52128,11405,28782,23346,0.5521408839779005,0.27498009017327024
2664,52128,49548,51272,856,0.9835788827501535,0.033457943925233685
2665,52128,11663,11663,40465,0.223737722529159,0.1017793154577795
2666,52128,5462,5462,46666,0.10478054020871701,0.13605551507879596
2667,52128,7466,24849,27279,0.47669198895027626,0.15598160571217817
2668,52128,6,52128,0,1,NA
2669,52128,13600,13600,38528,0.2608962553713935,0.2596437799925976
2670,52128,2930,2930,49198,0.05620779619398404,0.1722931052172572
2671,52128,990,52128,0,1,NA
2672,52128,11663,52128,0,1,NA
2673,52128,992,52128,0,1,NA
2674,52128,10680,25817,26311,0.49526166359729895,0.3505568013378435
2675,52128,10681,38389,13739,0.7364372314303254,0.10453453672029071
2676,52128,13600,52128,0,1,NA
2677,52128,13600,52128,0,1,NA
2678,52128,37715,52128,0,1,NA
2679,52128,16135,52128,0,1,NA
2680,52128,13600,52128,0,1,NA
2681,52128,11,11,52117,2.1101903007980356e-4,0.1936719304642024
2682,52128,49578,49578,2550,0.9510819521178637,0.006617647058823529
